GO_ID,GO_term,Gene_Count,P_Value,Adjusted_P_Value
GO:0009567,double fertilization forming a zygote and endosperm,47,1.5289724736106986e-08,1.009121832583061e-05
GO:2000008,regulation of protein localization to cell surface,43,1.2129670790726337e-07,4.002791360939691e-05
GO:0080155,regulation of double fertilization forming a zygote and endosperm,46,3.157778001292499e-07,6.947111602843499e-05
GO:0055085,transmembrane transport,280,5.3747257655789535e-06,0.0008868297513205273
GO:0042744,hydrogen peroxide catabolic process,66,1.3342309179066931e-05,0.0017611848116368348
GO:0006979,response to oxidative stress,140,4.9962307642296675e-05,0.0027711651017374266
GO:0080027,response to herbivore,12,5.038482003158957e-05,0.0027711651017374266
GO:0098869,cellular oxidant detoxification,77,2.9813953134381924e-05,0.0027711651017374266
GO:0016567,protein ubiquitination,311,3.2757357367224536e-05,0.0027711651017374266
GO:0009451,RNA modification,178,3.6248476493527675e-05,0.0027711651017374266
GO:0009809,lignin biosynthetic process,7,4.473353293154032e-05,0.0027711651017374266
GO:0046777,protein autophosphorylation,31,4.260605333929393e-05,0.0027711651017374266
GO:0009682,induced systemic resistance,5,0.00014922458999865894,0.007576017646085762
GO:0010150,leaf senescence,37,0.0001935457645971536,0.009124300331008669
GO:0010555,response to mannitol,12,0.0002139074057479196,0.009411925852908462
GO:0007623,circadian rhythm,18,0.0002931395748969473,0.012092007464499076
GO:0009664,plant-type cell wall organization,20,0.0003956888241229022,0.015089422593177403
GO:0010268,brassinosteroid homeostasis,9,0.0004115297070866564,0.015089422593177403
GO:0010089,xylem development,10,0.0005301043311697215,0.018414150451158746
GO:0016192,vesicle-mediated transport,73,0.0006829642194035241,0.022537819240316295
GO:0080001,mucilage extrusion from seed coat,8,0.000917629303583508,0.02883977811262454
GO:0009805,coumarin biosynthetic process,5,0.0010264344842050893,0.03079303452615268
GO:0010447,response to acidic pH,5,0.0011201063913399134,0.03214218340366708
GO:0009853,photorespiration,18,0.001324977887776156,0.033984382284666166
GO:0120127,response to zinc ion starvation,7,0.0013066848859511226,0.033984382284666166
GO:0045292,"mRNA cis splicing, via spliceosome",28,0.0013387786960626063,0.033984382284666166
GO:0098655,monoatomic cation transmembrane transport,21,0.0014264368016164652,0.03425699449428763
GO:0006120,"mitochondrial electron transport, NADH to ubiquinone",10,0.0014533270391515966,0.03425699449428763
GO:0010098,suspensor development,14,0.0018685137844592179,0.042524796473899444
GO:0035556,intracellular signal transduction,31,0.002158823018567064,0.04749410640847541
GO:0098838,folate transmembrane transport,9,0.0024288877095289484,0.05171180284803568
GO:0042742,defense response to bacterium,107,0.002986471138245241,0.057898921036487166
GO:0015918,sterol transport,11,0.0028173632667604157,0.057898921036487166
GO:0006888,endoplasmic reticulum to Golgi vesicle-mediated transport,57,0.0030703973276925015,0.057898921036487166
GO:0009753,response to jasmonic acid,33,0.00301427201964268,0.057898921036487166
GO:0032259,methylation,27,0.0033688217825213703,0.058511115170108007
GO:0016042,lipid catabolic process,13,0.0032830728147788444,0.058511115170108007
GO:0006886,intracellular protein transport,92,0.003324802239307887,0.058511115170108007
GO:0032922,circadian regulation of gene expression,5,0.0038770041579757235,0.06397056860659944
GO:0009414,response to water deprivation,92,0.00378514118662921,0.06397056860659944
GO:0015706,nitrate transmembrane transport,15,0.004199119745593564,0.06759558614857931
GO:0009749,response to glucose,20,0.005296102623269027,0.08322446979422758
GO:1901653,cellular response to peptide,6,0.005932890967268295,0.08697090880303182
GO:0007165,signal transduction,334,0.006061608795362825,0.08697090880303182
GO:0006351,DNA-templated transcription,102,0.005701189252217563,0.08697090880303182
GO:0031167,rRNA methylation,5,0.005818472088048084,0.08697090880303182
GO:0008643,carbohydrate transport,15,0.007043932758054266,0.0989148004322514
GO:0006506,GPI anchor biosynthetic process,17,0.007194399313146188,0.09892299055576009
GO:0007034,vacuolar transport,9,0.007876670940855817,0.1060939351217314
GO:0009827,plant-type cell wall modification,40,0.009841753698089588,0.10825929067898546
GO:0009617,response to bacterium,83,0.009598937127474793,0.10825929067898546
GO:0009751,response to salicylic acid,43,0.008806454710068131,0.10825929067898546
GO:0010119,regulation of stomatal movement,7,0.009410397721267469,0.10825929067898546
GO:0015979,photosynthesis,15,0.008621280003658001,0.10825929067898546
GO:0009723,response to ethylene,17,0.009487183702726616,0.10825929067898546
GO:0045892,negative regulation of DNA-templated transcription,66,0.009386566064659192,0.10825929067898546
GO:0007178,cell surface receptor protein serine/threonine kinase signaling pathway,40,0.008488432583452426,0.10825929067898546
GO:0010218,response to far red light,7,0.009488413202110904,0.10825929067898546
GO:0097501,stress response to metal ion,8,0.009608836680391586,0.10825929067898546
GO:0010088,phloem development,9,0.009789742556535986,0.10825929067898546
GO:0010196,nonphotochemical quenching,6,0.01010587936623557,0.10934230133959796
GO:0051302,regulation of cell division,10,0.010630105149776487,0.11315918385245939
GO:0071472,cellular response to salt stress,12,0.011525977586930441,0.113539480707076
GO:0080037,negative regulation of cytokinin-activated signaling pathway,6,0.011495432952801315,0.113539480707076
GO:0000398,"mRNA splicing, via spliceosome",94,0.011376760083817395,0.113539480707076
GO:2000067,regulation of root morphogenesis,9,0.01113910556713844,0.113539480707076
GO:0006096,glycolytic process,18,0.011239322975730617,0.113539480707076
GO:0009734,auxin-activated signaling pathway,15,0.01198754118189738,0.1163496644125334
GO:0006970,response to osmotic stress,44,0.012476377259974414,0.1173138093572452
GO:0006812,monoatomic cation transport,14,0.012336700701860721,0.1173138093572452
GO:0009910,negative regulation of flower development,8,0.01262012191570365,0.1173138093572452
GO:0010214,seed coat development,13,0.013354574650531399,0.12130219462431695
GO:0045926,negative regulation of growth,8,0.01341675789026536,0.12130219462431695
GO:1902074,response to salt,23,0.014425971045826071,0.12866406608439468
GO:0000463,"maturation of LSU-rRNA from tricistronic rRNA transcript (SSU-rRNA, 5.8S rRNA, LSU-rRNA)",21,0.015277761538999941,0.13095224176285664
GO:0015790,UDP-xylose transmembrane transport,5,0.01511705532015011,0.13095224176285664
GO:0009789,positive regulation of abscisic acid-activated signaling pathway,18,0.014946894805708669,0.13095224176285664
GO:0030970,"retrograde protein transport, ER to cytosol",6,0.01585803352639047,0.1324848370559204
GO:1902531,regulation of intracellular signal transduction,32,0.015747175016955325,0.1324848370559204
GO:0009658,chloroplast organization,55,0.016806003589627007,0.1386495296144228
GO:0006955,immune response,30,0.01723271456226353,0.14041471124807323
GO:2000060,positive regulation of ubiquitin-dependent protein catabolic process,7,0.017798455567346334,0.14325586188351927
GO:0006412,translation,251,0.018613736690037325,0.1462507882788647
GO:0036503,ERAD pathway,24,0.01852055359868142,0.1462507882788647
GO:0009834,plant-type secondary cell wall biogenesis,9,0.019176559427910696,0.14817222705802988
GO:2000143,negative regulation of DNA-templated transcription initiation,5,0.019307290192409954,0.14817222705802988
GO:0051258,protein polymerization,5,0.020519218037278065,0.15389413527958548
GO:0090708,specification of plant organ axis polarity,5,0.020519218037278065,0.15389413527958548
GO:0016579,protein deubiquitination,21,0.02206816956820682,0.16065600970825547
GO:0000381,"regulation of alternative mRNA splicing, via spliceosome",7,0.022320666684508057,0.16065600970825547
GO:0051923,sulfation,7,0.022394474080544704,0.16065600970825547
GO:0006892,post-Golgi vesicle-mediated transport,13,0.022212798200617057,0.16065600970825547
GO:0120009,intermembrane lipid transfer,20,0.02316592254695943,0.1619865995352932
GO:0002213,defense response to insect,17,0.02334041634394928,0.1619865995352932
GO:0045492,xylan biosynthetic process,7,0.02328451236567302,0.1619865995352932
GO:0045489,pectin biosynthetic process,11,0.023561687205133557,0.1619865995352932
GO:0035442,dipeptide transmembrane transport,13,0.025049915012908746,0.16233909934785984
GO:0010315,auxin export across the plasma membrane,5,0.024025607537081193,0.16233909934785984
GO:0006397,mRNA processing,61,0.025334738231559947,0.16233909934785984
GO:0040008,regulation of growth,8,0.0249186410339673,0.16233909934785984
GO:0042939,tripeptide transport,13,0.025049915012908746,0.16233909934785984
GO:0010207,photosystem II assembly,7,0.025220446310923902,0.16233909934785984
GO:0042938,dipeptide transport,13,0.025049915012908746,0.16233909934785984
GO:0010497,plasmodesmata-mediated intercellular transport,7,0.02650886039728758,0.16537529824116262
GO:0006396,RNA processing,117,0.026560275172065512,0.16537529824116262
GO:0009624,response to nematode,24,0.026418253225018767,0.16537529824116262
GO:0006629,lipid metabolic process,103,0.026926034483063205,0.1660858201759039
GO:0032366,intracellular sterol transport,6,0.027264463658024842,0.1666161667990407
GO:0042631,cellular response to water deprivation,11,0.027858733927372502,0.16868591185381515
GO:0009083,branched-chain amino acid catabolic process,5,0.028534021299901565,0.1712041277994094
GO:1902476,chloride transmembrane transport,5,0.028985885380017985,0.1723485076649718
GO:0009101,glycoprotein biosynthetic process,57,0.029585022947699408,0.17434031379894294
GO:0023051,regulation of signaling,11,0.029952601580468932,0.17494439861158845
GO:0071421,manganese ion transmembrane transport,12,0.03176327136530158,0.18389262369385126
GO:0006098,pentose-phosphate shunt,9,0.03224269848562861,0.18504505217839026
GO:1905392,plant organ morphogenesis,7,0.03289592425711578,0.18716646560083117
GO:0051762,sesquiterpene biosynthetic process,19,0.033477698887849454,0.18884855782889434
GO:0046856,phosphatidylinositol dephosphorylation,9,0.03415007023709379,0.1910088674278127
GO:0009808,lignin metabolic process,5,0.034692260203116956,0.19241085490804363
GO:0071215,cellular response to abscisic acid stimulus,14,0.035485274170558655,0.1946357398917021
GO:2000762,regulation of phenylpropanoid metabolic process,7,0.035683218980145384,0.1946357398917021
GO:0030148,sphingolipid biosynthetic process,8,0.036931380390911504,0.1969259319892417
GO:0006488,dolichol-linked oligosaccharide biosynthetic process,9,0.03713302994869024,0.1969259319892417
GO:0071555,cell wall organization,10,0.036721517840907526,0.1969259319892417
GO:0048316,seed development,8,0.03729657802826547,0.1969259319892417
GO:0051510,regulation of unidimensional cell growth,9,0.03762979179067674,0.1971084331892591
GO:0000466,"maturation of 5.8S rRNA from tricistronic rRNA transcript (SSU-rRNA, 5.8S rRNA, LSU-rRNA)",7,0.03838814181356823,0.19780752004442517
GO:0071470,cellular response to osmotic stress,5,0.038662378917774014,0.19780752004442517
GO:0140964,intracellular auxin homeostasis,7,0.03821034382238085,0.19780752004442517
GO:0006612,protein targeting to membrane,25,0.04068147037271955,0.20413512410924983
GO:0048564,photosystem I assembly,11,0.040827024821849967,0.20413512410924983
GO:0006360,transcription by RNA polymerase I,11,0.04061719543430799,0.20413512410924983
GO:0000226,microtubule cytoskeleton organization,23,0.041998331219640486,0.2057723416421769
GO:0006623,protein targeting to vacuole,6,0.04208979715408164,0.2057723416421769
GO:0015908,fatty acid transport,9,0.042056202145994606,0.2057723416421769
GO:0090333,regulation of stomatal closure,8,0.04338561758834265,0.21054785006107463
GO:0080147,root hair cell development,11,0.044307805012692277,0.21345365918523285
GO:1990961,xenobiotic detoxification by transmembrane export across the plasma membrane,43,0.04607309740587264,0.21876434739479098
GO:0006950,response to stress,105,0.045842769690168865,0.21876434739479098
GO:0060918,auxin transport,7,0.0482329559252576,0.22261364273195816
GO:0072657,protein localization to membrane,9,0.04760495453352414,0.22261364273195816
GO:0009695,jasmonic acid biosynthetic process,7,0.04819619118311616,0.22261364273195816
GO:0009631,cold acclimation,17,0.04731648885479559,0.22261364273195816
GO:0042761,very long-chain fatty acid biosynthetic process,11,0.05080888844518775,0.23140038171098917
GO:0080120,CAAX-box protein maturation,7,0.051188569287582454,0.23140038171098917
GO:0009958,positive gravitropism,12,0.05114617322521434,0.23140038171098917
GO:0015749,monosaccharide transmembrane transport,6,0.05181930052240183,0.23265808397813068
GO:0048193,Golgi vesicle transport,9,0.053566006635968576,0.23569042919826175
GO:0006468,protein phosphorylation,15,0.053031578303100534,0.23569042919826175
GO:0000724,double-strand break repair via homologous recombination,22,0.05345024415320791,0.23569042919826175
GO:0009787,regulation of abscisic acid-activated signaling pathway,10,0.05409725252976027,0.23645156734862105
GO:0034244,negative regulation of transcription elongation by RNA polymerase II,11,0.055385662559682,0.24049037690388234
GO:0009553,embryo sac development,7,0.0564719582138192,0.2436045256282397
GO:1902600,proton transmembrane transport,45,0.057004569647396,0.24430529848884
GO:0006890,"retrograde vesicle-mediated transport, Golgi to endoplasmic reticulum",25,0.0594420202179154,0.25310795705693007
GO:0042128,nitrate assimilation,6,0.061845385278542796,0.25997473201552623
GO:2000280,regulation of root development,32,0.061786892251641926,0.25997473201552623
GO:0019760,glucosinolate metabolic process,13,0.062236375240080515,0.25997473201552623
GO:0034219,carbohydrate transmembrane transport,15,0.06300669807504827,0.2615372372926532
GO:0009625,response to insect,32,0.06525203652976179,0.26688640290508003
GO:0006217,deoxycytidine catabolic process,8,0.06631722738853503,0.26688640290508003
GO:0046109,uridine biosynthetic process,8,0.06631722738853503,0.26688640290508003
GO:0009739,response to gibberellin,25,0.06592504657729811,0.26688640290508003
GO:0071370,cellular response to gibberellin stimulus,5,0.06512213550722343,0.26688640290508003
GO:0048868,pollen tube development,9,0.06730051677201786,0.26920206708807143
GO:0006873,intracellular monoatomic ion homeostasis,5,0.06771272466985834,0.2692192667596777
GO:1904659,D-glucose transmembrane transport,5,0.06818283895198567,0.2694651120258116
GO:0010227,floral organ abscission,7,0.07046985149781607,0.2760490312009868
GO:0006325,chromatin organization,33,0.07110590447705906,0.2760490312009868
GO:0016255,attachment of GPI anchor to protein,7,0.07152179444752839,0.2760490312009868
GO:0009744,response to sucrose,21,0.07099563152858217,0.2760490312009868
GO:0000045,autophagosome assembly,14,0.07334550384988446,0.27739348218953225
GO:0051177,meiotic sister chromatid cohesion,8,0.07437039444502298,0.27739348218953225
GO:0048767,root hair elongation,11,0.07439188840537456,0.27739348218953225
GO:0048481,plant ovule development,5,0.07397427706943195,0.27739348218953225
GO:0048358,mucilage pectin biosynthetic process,6,0.07241856308769275,0.27739348218953225
GO:0009073,aromatic amino acid biosynthetic process,5,0.07374967645804006,0.27739348218953225
GO:0032875,regulation of DNA endoreduplication,12,0.07481803451431876,0.2774151841542156
GO:0010375,stomatal complex patterning,6,0.07891247113423809,0.2785146040031933
GO:0000957,mitochondrial RNA catabolic process,7,0.07688819565358457,0.2785146040031933
GO:0005975,carbohydrate metabolic process,209,0.0757534626580045,0.2785146040031933
GO:0000462,"maturation of SSU-rRNA from tricistronic rRNA transcript (SSU-rRNA, 5.8S rRNA, LSU-rRNA)",13,0.07813251514578642,0.2785146040031933
GO:0009416,response to light stimulus,15,0.07598279813284732,0.2785146040031933
GO:0045454,cell redox homeostasis,10,0.07663972339610023,0.2785146040031933
GO:0009663,plasmodesma organization,5,0.0786093572607133,0.2785146040031933
GO:0000470,maturation of LSU-rRNA,10,0.07852668693845961,0.2785146040031933
GO:0007018,microtubule-based movement,41,0.07776995043194497,0.2785146040031933
GO:0006122,"mitochondrial electron transport, ubiquinol to cytochrome c",12,0.08101479995862064,0.2844136594292001
GO:0050832,defense response to fungus,75,0.08202412834179428,0.28643346405071013
GO:0015031,protein transport,41,0.08413894128374269,0.2892276106628655
GO:0009825,multidimensional cell growth,5,0.0840959244833668,0.2892276106628655
GO:0048507,meristem development,15,0.08327275169924914,0.2892276106628655
GO:0009873,ethylene-activated signaling pathway,13,0.08551703422642366,0.28944226968943393
GO:0000122,negative regulation of transcription by RNA polymerase II,22,0.08526671417469017,0.28944226968943393
GO:0098542,defense response to other organism,107,0.08494411049167071,0.28944226968943393
GO:0006384,transcription initiation at RNA polymerase III promoter,13,0.08608676379466952,0.28988400053307084
GO:0055046,microgametogenesis,9,0.08762127396095051,0.2909319727525698
GO:1905582,response to mannose,8,0.08772039784509303,0.2909319727525698
GO:0016102,diterpenoid biosynthetic process,20,0.08768953125895539,0.2909319727525698
GO:0051707,response to other organism,36,0.08951376726536157,0.2909810875462613
GO:0051231,spindle elongation,5,0.08872288172310466,0.2909810875462613
GO:0032468,Golgi calcium ion homeostasis,5,0.08982484701923311,0.2909810875462613
GO:0012501,programmed cell death,11,0.09038048931361146,0.2909810875462613
GO:0010039,response to iron ion,14,0.09037647563420376,0.2909810875462613
GO:0032472,Golgi calcium ion transport,5,0.08982484701923311,0.2909810875462613
GO:0080188,gene silencing by siRNA-directed DNA methylation,21,0.09137508180699876,0.29275511646902513
GO:2000377,regulation of reactive oxygen species metabolic process,9,0.09534269730750597,0.30399120880654074
GO:1900458,negative regulation of brassinosteroid mediated signaling pathway,6,0.0959293956807064,0.30439135167916453
GO:0051013,microtubule severing,5,0.09659294629865703,0.30503035673260115
GO:0010960,magnesium ion homeostasis,7,0.09820180062210457,0.3086342305266144
GO:0034755,iron ion transmembrane transport,8,0.0988364481470193,0.30915666245039214
GO:0080022,primary root development,7,0.10017879255243288,0.31147489006911805
GO:0043067,regulation of programmed cell death,8,0.10052144179503356,0.31147489006911805
GO:0006869,lipid transport,34,0.10250985540961799,0.3161518905156443
GO:0006354,DNA-templated transcription elongation,5,0.10361024201015162,0.31805934756604687
GO:0003333,amino acid transmembrane transport,29,0.10459224721561267,0.31897689929057144
GO:0007010,cytoskeleton organization,5,0.10514556813664351,0.31897689929057144
GO:0010286,heat acclimation,23,0.10535903643234026,0.31897689929057144
GO:0016114,terpenoid biosynthetic process,21,0.10717142138817871,0.3229823658273879
GO:0046135,pyrimidine nucleoside catabolic process,7,0.10889712903982308,0.32585687739811076
GO:1902475,L-alpha-amino acid transmembrane transport,9,0.10911268167421588,0.32585687739811076
GO:0009742,brassinosteroid mediated signaling pathway,19,0.11041449260946326,0.3282593023524583
GO:0006099,tricarboxylic acid cycle,10,0.11126307560990438,0.32929878880061386
GO:0006887,exocytosis,5,0.11206245888857908,0.33018403065384905
GO:0006487,protein N-linked glycosylation,14,0.11340876563504396,0.3311937403501284
GO:0042752,regulation of circadian rhythm,6,0.11336096622326622,0.3311937403501284
GO:0006520,amino acid metabolic process,12,0.11440631207376575,0.33263509237306343
GO:0006123,"mitochondrial electron transport, cytochrome c to oxygen",5,0.11596967168176937,0.33570168118406923
GO:0016554,cytidine to uridine editing,11,0.11774577420854641,0.33935463309013375
GO:0009644,response to high light intensity,8,0.11874752604166006,0.34075377038041577
GO:0010030,positive regulation of seed germination,6,0.12068173491185112,0.3448049568910032
GO:0006621,protein retention in ER lumen,6,0.12230364352952358,0.3464395052767621
GO:1902584,positive regulation of response to water deprivation,11,0.12181510998771339,0.3464395052767621
GO:0035825,homologous recombination,7,0.12598499898866558,0.355342304839826
GO:0031425,chloroplast RNA processing,6,0.1273372283593031,0.3576279604984683
GO:0007019,microtubule depolymerization,6,0.1279940514766245,0.35794946599394983
GO:0010311,lateral root formation,7,0.13096505410400072,0.3632232078011292
GO:0042274,ribosomal small subunit biogenesis,16,0.1313295009027275,0.3632232078011292
GO:0008610,lipid biosynthetic process,41,0.13153082827949983,0.3632232078011292
GO:0006044,N-acetylglucosamine metabolic process,6,0.13271094493490318,0.36495509857098374
GO:0045047,protein targeting to ER,8,0.13637838740393093,0.3734843804423005
GO:0009308,amine metabolic process,8,0.14073161997792327,0.3760440047993091
GO:0006414,translational elongation,33,0.13888647707664087,0.3760440047993091
GO:0006820,monoatomic anion transport,6,0.13970827873418265,0.3760440047993091
GO:0070897,transcription preinitiation complex assembly,6,0.13964959898530513,0.3760440047993091
GO:0042273,ribosomal large subunit biogenesis,21,0.13808049460924102,0.3760440047993091
GO:0006284,base-excision repair,18,0.14037226907326972,0.3760440047993091
GO:0042594,response to starvation,12,0.14315576663348797,0.3776908728639388
GO:0006857,oligopeptide transport,16,0.14395946121620823,0.3776908728639388
GO:0030026,intracellular manganese ion homeostasis,5,0.14411057540060537,0.3776908728639388
GO:2000779,regulation of double-strand break repair,5,0.14290301321772506,0.3776908728639388
GO:0043547,positive regulation of GTPase activity,8,0.1442092423662312,0.3776908728639388
GO:0072583,clathrin-dependent endocytosis,31,0.1456940407266824,0.38007141059134536
GO:0009611,response to wounding,59,0.1464054162586408,0.3804235225618226
GO:0010029,regulation of seed germination,14,0.14709222853881043,0.3807092973945682
GO:0010162,seed dormancy process,8,0.14895518877939612,0.38253083499767093
GO:0010073,meristem maintenance,21,0.14873125057902725,0.38253083499767093
GO:0045927,positive regulation of growth,9,0.15050470090978685,0.38479926384308094
GO:0045814,"negative regulation of gene expression, epigenetic",13,0.1510045595990272,0.38479926384308094
GO:0006879,intracellular iron ion homeostasis,9,0.15319137293475338,0.3888704082189894
GO:0006241,CTP biosynthetic process,7,0.15477212202262203,0.3913777798273201
GO:2000012,regulation of auxin polar transport,12,0.1579675480849264,0.3977605210267973
GO:0045010,actin nucleation,13,0.1589195279197898,0.3977605210267973
GO:0002182,cytoplasmic translational elongation,5,0.15910420841071893,0.3977605210267973
GO:0010114,response to red light,14,0.16111810906372215,0.4012752904983269
GO:0034243,regulation of transcription elongation by RNA polymerase II,6,0.16331722319538755,0.40522318537201424
GO:0010015,root morphogenesis,5,0.1661922478379625,0.41081229802642416
GO:0010118,stomatal movement,8,0.16683303352433598,0.4108574706196334
GO:0009826,unidimensional cell growth,16,0.16924906670220052,0.4152579331726853
GO:0002229,defense response to oomycetes,45,0.17197483480618236,0.4203829295262235
GO:0045039,protein insertion into mitochondrial inner membrane,7,0.17341726102985633,0.42044648763697723
GO:0016070,RNA metabolic process,21,0.17314349650898242,0.42044648763697723
GO:0031146,SCF-dependent proteasomal ubiquitin-dependent protein catabolic process,37,0.17391195624984057,0.42044648763697723
GO:0071816,tail-anchored membrane protein insertion into ER membrane,9,0.17532859828331526,0.4223243608284236
GO:0034976,response to endoplasmic reticulum stress,11,0.17733446235283068,0.4256027096467936
GO:0080156,mitochondrial mRNA modification,26,0.18230893650231483,0.4312684519409598
GO:0031204,"post-translational protein targeting to membrane, translocation",8,0.18143640816226336,0.4312684519409598
GO:0010476,gibberellin mediated signaling pathway,5,0.18081075524118562,0.4312684519409598
GO:1900056,negative regulation of leaf senescence,5,0.18203280542954714,0.4312684519409598
GO:0006631,fatty acid metabolic process,17,0.1848474848500513,0.4315308890410773
GO:0034337,RNA folding,5,0.18503521454337102,0.4315308890410773
GO:0030001,metal ion transport,8,0.1845278320190652,0.4315308890410773
GO:0051865,protein autoubiquitination,7,0.1837811769779949,0.4315308890410773
GO:0006744,ubiquinone biosynthetic process,7,0.1888863448296263,0.43784868898911167
GO:0045944,positive regulation of transcription by RNA polymerase II,29,0.18907102479075277,0.43784868898911167
GO:0090114,COPII-coated vesicle budding,7,0.19107848209977008,0.4409503433071617
GO:0060359,response to ammonium ion,5,0.19352158358993,0.4450322131336369
GO:0010446,response to alkaline pH,5,0.19540152733760563,0.44779516681534626
GO:0032968,positive regulation of transcription elongation by RNA polymerase II,13,0.19630913240239412,0.4483184338601388
GO:0009651,response to salt stress,95,0.1987483865549543,0.45027027763679883
GO:0006605,protein targeting,6,0.19856737381859824,0.45027027763679883
GO:0070475,rRNA base methylation,20,0.19921048646961403,0.45027027763679883
GO:0034063,cytoplasmic stress granule assembly,15,0.20292366419081287,0.45709767360387876
GO:0033617,mitochondrial respiratory chain complex IV assembly,8,0.20521086745465245,0.4606774575512606
GO:0010274,hydrotropism,12,0.20752928597106302,0.46430280929119183
GO:0002221,pattern recognition receptor signaling pathway,16,0.21022845446904004,0.46875263496475145
GO:0090158,endoplasmic reticulum membrane organization,6,0.21177741015588125,0.4691649214506815
GO:0016197,endosomal transport,5,0.21396763841917443,0.4691649214506815
GO:0010431,seed maturation,6,0.21360929026021014,0.4691649214506815
GO:0001731,formation of translation preinitiation complex,5,0.21280313808829632,0.4691649214506815
GO:0010038,response to metal ion,8,0.2137578629390281,0.4691649214506815
GO:0000911,cytokinesis by cell plate formation,9,0.21520383155152223,0.47031300935100884
GO:0010929,positive regulation of auxin mediated signaling pathway,5,0.2159720636463115,0.4704341980414706
GO:0048731,system development,8,0.21816184215444545,0.4736408415195197
GO:0006474,N-terminal protein amino acid acetylation,10,0.21924548799571197,0.4736455721584454
GO:0036092,phosphatidylinositol-3-phosphate biosynthetic process,6,0.22103460034060785,0.4736455721584454
GO:0009447,putrescine catabolic process,5,0.22065335154451582,0.4736455721584454
GO:0007166,cell surface receptor signaling pathway,34,0.21972459981993775,0.4736455721584454
GO:0046294,formaldehyde catabolic process,7,0.22313995738726067,0.4766096177203626
GO:0009704,de-etiolation,5,0.22526017780896068,0.4768833762333036
GO:0006418,tRNA aminoacylation for protein translation,24,0.22543577785574354,0.4768833762333036
GO:0016236,macroautophagy,5,0.22427118169268578,0.4768833762333036
GO:0030643,intracellular phosphate ion homeostasis,8,0.22790957067559636,0.48057609152042685
GO:0010087,phloem or xylem histogenesis,10,0.22874046251379743,0.4807920549653067
GO:0007033,vacuole organization,7,0.230777058571215,0.48353288462540284
GO:0071365,cellular response to auxin stimulus,12,0.2332868800713198,0.48724474951604774
GO:0042791,5S class rRNA transcription by RNA polymerase III,5,0.23657296277154605,0.4911595725005105
GO:2000031,regulation of salicylic acid mediated signaling pathway,7,0.23664961220479142,0.4911595725005105
GO:0002237,response to molecule of bacterial origin,10,0.24099232289099481,0.4986048059813686
GO:0000272,polysaccharide catabolic process,8,0.24355842797401595,0.5023392576964079
GO:0006636,unsaturated fatty acid biosynthetic process,9,0.2502275377112896,0.5144865261353617
GO:0009556,microsporogenesis,10,0.254546530287192,0.5201260371193397
GO:0009637,response to blue light,15,0.25404154271648827,0.5201260371193397
GO:0010305,leaf vascular tissue pattern formation,5,0.25884928239932803,0.5272855752578904
GO:0051225,spindle assembly,9,0.26026123653307276,0.528530511113317
GO:0006633,fatty acid biosynthetic process,15,0.2611190142301578,0.5286458570303808
GO:1901703,protein localization involved in auxin polar transport,9,0.26360576479179076,0.5320483326072841
GO:1902456,regulation of stomatal opening,10,0.26529050710075586,0.5321937224513643
GO:0009737,response to abscisic acid,126,0.26527182775722513,0.5321937224513643
GO:0006357,regulation of transcription by RNA polymerase II,130,0.2745817564690054,0.5491635129380108
GO:0051259,protein complex oligomerization,9,0.27667944100665154,0.5500253947722591
GO:0050829,defense response to Gram-negative bacterium,5,0.2759963285538364,0.5500253947722591
GO:0006334,nucleosome assembly,18,0.27767771120903306,0.5503522204142998
GO:0018394,peptidyl-lysine acetylation,7,0.27969069679964154,0.5526822152328246
GO:0010928,regulation of auxin mediated signaling pathway,10,0.28828975956060676,0.5679738546567178
GO:0019464,glycine decarboxylation via glycine cleavage system,5,0.2920531992513201,0.5736759271008074
GO:0007015,actin filament organization,8,0.29730612822778624,0.5805385935808844
GO:0006221,pyrimidine nucleotide biosynthetic process,9,0.2966760042434834,0.5805385935808844
GO:0080142,regulation of salicylic acid biosynthetic process,9,0.3001143724819759,0.5842934685489797
GO:0016998,cell wall macromolecule catabolic process,9,0.3021532451366157,0.5865327699710775
GO:0071244,cellular response to carbon dioxide,5,0.30434750573022007,0.5890596885101033
GO:0000289,nuclear-transcribed mRNA poly(A) tail shortening,14,0.3059270231685226,0.5903854833076752
GO:0010099,regulation of photomorphogenesis,7,0.30762706269254836,0.5919354559098599
GO:0009134,nucleoside diphosphate catabolic process,5,0.31814174626022373,0.5994784077832161
GO:0009266,response to temperature stimulus,21,0.3166011528802275,0.5994784077832161
GO:0009846,pollen germination,20,0.3180468011563219,0.5994784077832161
GO:0022904,respiratory electron transport chain,8,0.3206301181022353,0.5994784077832161
GO:0031349,positive regulation of defense response,10,0.3200655685057473,0.5994784077832161
GO:0009203,ribonucleoside triphosphate catabolic process,5,0.31814174626022373,0.5994784077832161
GO:0071806,protein transmembrane transport,8,0.318271047408469,0.5994784077832161
GO:0009615,response to virus,9,0.31915998367794685,0.5994784077832161
GO:0000423,mitophagy,7,0.31965651908072756,0.5994784077832161
GO:0010629,negative regulation of gene expression,16,0.31516197426260606,0.5994784077832161
GO:1900459,positive regulation of brassinosteroid mediated signaling pathway,5,0.3249071941895285,0.6057591756075955
GO:0048544,recognition of pollen,30,0.3277695050202609,0.6086648187237332
GO:0043328,protein transport to vacuole involved in ubiquitin-dependent protein catabolic process via the multivesicular body sorting pathway,11,0.3283101143418925,0.6086648187237332
GO:0045910,negative regulation of DNA recombination,5,0.3302625816096596,0.6105694786060933
GO:2000028,"regulation of photoperiodism, flowering",31,0.3333633115608704,0.6145804067881968
GO:0042254,ribosome biogenesis,32,0.3354671612267769,0.6167362852637124
GO:0090332,stomatal closure,6,0.3397932803821856,0.6229543473673403
GO:0006364,rRNA processing,75,0.3418111072172729,0.6242463078385916
GO:0090110,COPII-coated vesicle cargo loading,10,0.34238964157207596,0.6242463078385916
GO:0042776,proton motive force-driven mitochondrial ATP synthesis,7,0.34601423420749977,0.6243285901990856
GO:0006995,cellular response to nitrogen starvation,15,0.3471579014338012,0.6243285901990856
GO:0046685,response to arsenic-containing substance,5,0.34711196990867754,0.6243285901990856
GO:0006338,chromatin remodeling,42,0.3471645342470673,0.6243285901990856
GO:0006352,DNA-templated transcription initiation,12,0.34610259488701256,0.6243285901990856
GO:0016226,iron-sulfur cluster assembly,10,0.3529926002022732,0.6330845547105987
GO:0008356,asymmetric cell division,6,0.3563454445833927,0.6373658358402146
GO:0009555,pollen development,60,0.361812779289058,0.6436561572258174
GO:0043248,proteasome assembly,9,0.3609048348211825,0.6436561572258174
GO:0072334,UDP-galactose transmembrane transport,6,0.3657131752112939,0.6440203753547311
GO:0006402,mRNA catabolic process,23,0.36438509684623843,0.6440203753547311
GO:0042255,ribosome assembly,5,0.36592066781518817,0.6440203753547311
GO:0071333,cellular response to glucose stimulus,6,0.36302772523062166,0.6440203753547311
GO:0006616,"SRP-dependent cotranslational protein targeting to membrane, translocation",7,0.36963706360231896,0.6488310158976875
GO:0002098,tRNA wobble uridine modification,7,0.37397800361572575,0.654709502351138
GO:0008033,tRNA processing,15,0.37970310521885775,0.6599202033589088
GO:1903830,magnesium ion transmembrane transport,11,0.3792646405990371,0.6599202033589088
GO:0048354,mucilage biosynthetic process involved in seed coat development,7,0.37995405647937175,0.6599202033589088
GO:0015693,magnesium ion transport,10,0.38237993088903344,0.6623904314613178
GO:0000209,protein polyubiquitination,9,0.3868096421282484,0.6669705886531849
GO:0010405,arabinogalactan protein metabolic process,9,0.3870450537184391,0.6669705886531849
GO:0034052,positive regulation of plant-type hypersensitive response,6,0.38833862667993924,0.6674570146061456
GO:0031347,regulation of defense response,13,0.38951967859457914,0.6677480204478499
GO:0072318,clathrin coat disassembly,5,0.3907045206078318,0.668043998966759
GO:1902025,nitrate import,14,0.39803369814283196,0.6788171596234344
GO:0019432,triglyceride biosynthetic process,16,0.4005039415303864,0.6795182555528407
GO:0010468,regulation of gene expression,79,0.4004566282036217,0.6795182555528407
GO:0010628,positive regulation of gene expression,11,0.4040186374995123,0.6837238480760977
GO:0016036,cellular response to phosphate starvation,12,0.4055209741776885,0.6845111073076072
GO:0048579,"negative regulation of long-day photoperiodism, flowering",6,0.4109491099830881,0.6874698746023313
GO:0034599,cellular response to oxidative stress,16,0.4114403037392741,0.6874698746023313
GO:0009960,endosperm development,7,0.41075180455631366,0.6874698746023313
GO:0006913,nucleocytoplasmic transport,6,0.409331681674021,0.6874698746023313
GO:0009733,response to auxin,100,0.4182221644377375,0.6970369407295626
GO:0009646,response to absence of light,14,0.42169259138138726,0.7010506556970165
GO:1990641,response to iron ion starvation,6,0.42377084640468354,0.7027355744399275
GO:0002181,cytoplasmic translation,61,0.42553882195284576,0.7038988032302712
GO:0009862,"systemic acquired resistance, salicylic acid mediated signaling pathway",6,0.4275860211147221,0.7052963202759763
GO:0010078,maintenance of root meristem identity,7,0.4285209461070705,0.7052963202759763
GO:0001666,response to hypoxia,5,0.4307335134404191,0.7071744250514344
GO:0009738,abscisic acid-activated signaling pathway,16,0.43367998441052724,0.7102451357591761
GO:0015986,proton motive force-driven ATP synthesis,11,0.43935400168642624,0.7112439914033325
GO:0051382,kinetochore assembly,13,0.4375680554953576,0.7112439914033325
GO:0007064,mitotic sister chromatid cohesion,13,0.4376031751489111,0.7112439914033325
GO:0006817,phosphate ion transport,5,0.43922563338154386,0.7112439914033325
GO:1901259,chloroplast rRNA processing,13,0.43967810377660554,0.7112439914033325
GO:1900865,chloroplast RNA modification,8,0.45215582299891777,0.7266024374047843
GO:0045036,protein targeting to chloroplast,6,0.4514456067726246,0.7266024374047843
GO:0051726,regulation of cell cycle,8,0.4524751542020702,0.7266024374047843
GO:0045037,protein import into chloroplast stroma,7,0.4578722305308002,0.7267986722476819
GO:0008104,intracellular protein localization,15,0.4603058257568652,0.7267986722476819
GO:0051604,protein maturation,28,0.4587641448038563,0.7267986722476819
GO:0016973,poly(A)+ mRNA export from nucleus,5,0.45878945528986603,0.7267986722476819
GO:0010161,red light signaling pathway,5,0.4592549022170582,0.7267986722476819
GO:0044210,'de novo' CTP biosynthetic process,5,0.45403389734433874,0.7267986722476819
GO:0006261,DNA-templated DNA replication,8,0.459003459570557,0.7267986722476819
GO:0006511,ubiquitin-dependent protein catabolic process,177,0.4625515826261525,0.7268428106244069
GO:0033962,P-body assembly,9,0.461682321413889,0.7268428106244069
GO:0009755,hormone-mediated signaling pathway,7,0.46363761101950807,0.7268428106244069
GO:0035194,regulatory ncRNA-mediated post-transcriptional gene silencing,7,0.46529579877551175,0.7271203178450945
GO:0006526,L-arginine biosynthetic process,5,0.4671197193429092,0.7271203178450945
GO:1901371,regulation of leaf morphogenesis,10,0.4667428458011956,0.7271203178450945
GO:0070588,calcium ion transmembrane transport,23,0.4702955972978956,0.728626981729134
GO:0009904,chloroplast accumulation movement,14,0.46992799239806315,0.728626981729134
GO:0009409,response to cold,72,0.4714660613566152,0.7287297435488665
GO:0032456,endocytic recycling,5,0.47482149788188865,0.7322013752384264
GO:0006032,chitin catabolic process,16,0.4773205734112318,0.7343393437095873
GO:0007080,mitotic metaphase chromosome alignment,11,0.4812194298903347,0.7366641950605419
GO:0010374,stomatal complex development,10,0.48317829290398073,0.7366641950605419
GO:0000027,ribosomal large subunit assembly,8,0.4830789753586303,0.7366641950605419
GO:0048024,"regulation of mRNA splicing, via spliceosome",7,0.48329635827456763,0.7366641950605419
GO:0002943,tRNA dihydrouridine synthesis,5,0.485198083271148,0.7378588363109624
GO:0045017,glycerolipid biosynthetic process,10,0.4889529569572253,0.7385594518046342
GO:0070592,cell wall polysaccharide biosynthetic process,5,0.48817232136744193,0.7385594518046342
GO:0001732,formation of cytoplasmic translation initiation complex,11,0.4901832158128534,0.7385594518046342
GO:0000455,enzyme-directed rRNA pseudouridine synthesis,8,0.4912539383973249,0.7385594518046342
GO:0010027,thylakoid membrane organization,12,0.489180908734118,0.7385594518046342
GO:0045893,positive regulation of DNA-templated transcription,68,0.49350569380149056,0.7394586569071618
GO:0009966,regulation of signal transduction,38,0.49547993468400475,0.7394586569071618
GO:0071051,poly(A)-dependent snoRNA 3'-end processing,5,0.49633361365132234,0.7394586569071618
GO:0080183,response to photooxidative stress,7,0.4947006491848468,0.7394586569071618
GO:0030244,cellulose biosynthetic process,8,0.5073627657636808,0.7408394367345782
GO:0010043,response to zinc ion,8,0.5070471177289138,0.7408394367345782
GO:0030036,actin cytoskeleton organization,7,0.5038904135814279,0.7408394367345782
GO:0048268,clathrin coat assembly,18,0.5034391430949594,0.7408394367345782
GO:0006900,vesicle budding from membrane,18,0.5034391430949594,0.7408394367345782
GO:0009620,response to fungus,37,0.5036357771379487,0.7408394367345782
GO:0007004,telomere maintenance via telomerase,5,0.5009599336507196,0.7408394367345782
GO:0007005,mitochondrion organization,17,0.5047798565090031,0.7408394367345782
GO:0030490,maturation of SSU-rRNA,13,0.507138485465429,0.7408394367345782
GO:0009627,systemic acquired resistance,24,0.5088229566352411,0.7413314599983645
GO:0042147,"retrograde transport, endosome to Golgi",12,0.5120782647026433,0.7427948455027352
GO:1900057,positive regulation of leaf senescence,5,0.5114212859242915,0.7427948455027352
GO:0007030,Golgi organization,16,0.5192894920513857,0.7434513335225913
GO:0045727,positive regulation of translation,5,0.5141703186414615,0.7434513335225913
GO:0034605,cellular response to heat,23,0.5171100640136188,0.7434513335225913
GO:0006606,protein import into nucleus,22,0.5182767984834775,0.7434513335225913
GO:0006000,fructose metabolic process,8,0.5186225013687223,0.7434513335225913
GO:0000288,"nuclear-transcribed mRNA catabolic process, deadenylation-dependent decay",9,0.5178670698312346,0.7434513335225913
GO:0010200,response to chitin,7,0.523934897507854,0.7436495319466315
GO:0010082,regulation of root meristem growth,10,0.5230211136307218,0.7436495319466315
GO:0009116,nucleoside metabolic process,5,0.5220267533945644,0.7436495319466315
GO:0006508,proteolysis,191,0.5207565577455135,0.7436495319466315
GO:0048510,regulation of timing of transition from vegetative to reproductive phase,7,0.5253084937642951,0.7439991542584438
GO:0009061,anaerobic respiration,9,0.527353318202355,0.745295910093264
GO:0000278,mitotic cell cycle,9,0.5329041293834806,0.751531464515165
GO:0048364,root development,48,0.5343622624453981,0.7519810089849952
GO:0099402,plant organ development,16,0.5384668830803284,0.7561449847510995
GO:0019252,starch biosynthetic process,14,0.5412727013174626,0.7584713012091833
GO:0009793,embryo development ending in seed dormancy,36,0.5464144549480341,0.7633293417261695
GO:0006415,translational termination,6,0.5470526949037549,0.7633293417261695
GO:0016925,protein sumoylation,7,0.5484788214628764,0.763704688112866
GO:0060966,regulation of gene silencing by regulatory ncRNA,7,0.5509126496296114,0.7641328237448929
GO:0009740,gibberellic acid mediated signaling pathway,5,0.5517477568756008,0.7641328237448929
GO:0036297,interstrand cross-link repair,13,0.5522596317065362,0.7641328237448929
GO:0000373,Group II intron splicing,12,0.5575804053282716,0.7691385482736358
GO:0006891,intra-Golgi vesicle-mediated transport,11,0.558208128216775,0.7691385482736358
GO:0051168,nuclear export,6,0.565413392240687,0.7774434143309445
GO:0070072,vacuolar proton-transporting V-type ATPase complex assembly,5,0.569515002936841,0.7804015530791542
GO:0006355,regulation of DNA-templated transcription,583,0.5704942631891385,0.7804015530791542
GO:0006406,mRNA export from nucleus,8,0.5711120456624719,0.7804015530791542
GO:2000070,regulation of response to water deprivation,6,0.5754945798862,0.7847653362084546
GO:0010256,endomembrane system organization,6,0.5824123524667701,0.7921542788174833
GO:0006302,double-strand break repair,6,0.5833136053110559,0.7921542788174833
GO:0030422,siRNA processing,5,0.5886743563633053,0.7977927622172105
GO:0006952,defense response,249,0.59137006105355,0.7981681805630735
GO:0048768,root hair cell tip growth,6,0.5907887406007699,0.7981681805630735
GO:0010224,response to UV-B,7,0.5977437504765128,0.8051242353357112
GO:1901001,negative regulation of response to salt stress,8,0.6010796708262844,0.8063263876937962
GO:0009626,plant-type hypersensitive response,9,0.6006878075631907,0.8063263876937962
GO:0030163,protein catabolic process,87,0.6101461657616777,0.8094530772805743
GO:0009630,gravitropism,12,0.6111815016771696,0.8094530772805743
GO:0098656,monoatomic anion transmembrane transport,5,0.6106447819498253,0.8094530772805743
GO:1900055,regulation of leaf senescence,8,0.6119955841863736,0.8094530772805743
GO:0006401,RNA catabolic process,12,0.6099013088963658,0.8094530772805743
GO:0042542,response to hydrogen peroxide,27,0.6067667618700612,0.8094530772805743
GO:0000162,L-tryptophan biosynthetic process,9,0.6062957122489189,0.8094530772805743
GO:0032543,mitochondrial translation,25,0.6217920929915808,0.8101274251137758
GO:0031047,regulatory ncRNA-mediated gene silencing,9,0.617656680588013,0.8101274251137758
GO:0006874,intracellular calcium ion homeostasis,7,0.6147624267788123,0.8101274251137758
GO:0006183,GTP biosynthetic process,5,0.6172149621604972,0.8101274251137758
GO:0043039,tRNA aminoacylation,5,0.6184650993170395,0.8101274251137758
GO:0006614,SRP-dependent cotranslational protein targeting to membrane,10,0.6223251583828551,0.8101274251137758
GO:0006813,potassium ion transport,5,0.6194118839152403,0.8101274251137758
GO:0017183,protein histidyl modification to diphthamide,9,0.6213885252478828,0.8101274251137758
GO:0071456,cellular response to hypoxia,120,0.6257505937640967,0.8112025217928488
GO:0090307,mitotic spindle assembly,10,0.6268383122944741,0.8112025217928488
GO:2000037,regulation of stomatal complex patterning,5,0.6244607239115777,0.8112025217928488
GO:0009788,negative regulation of abscisic acid-activated signaling pathway,19,0.6295251052706816,0.8130852631676122
GO:0034389,lipid droplet organization,6,0.6314210508229495,0.8139411983264584
GO:0032981,mitochondrial respiratory chain complex I assembly,15,0.6376260975969277,0.820337669422948
GO:0000028,ribosomal small subunit assembly,9,0.641753255361482,0.8240411450166889
GO:0010192,mucilage biosynthetic process,6,0.6457801704354087,0.8259978924173832
GO:0045490,pectin catabolic process,79,0.644854186083482,0.8259978924173832
GO:0090548,response to nitrate starvation,10,0.6527140873012254,0.8292630201349668
GO:0180062,protein O-linked glycosylation via galactose,8,0.6533587431366404,0.8292630201349668
GO:0010167,response to nitrate,12,0.6500143182499669,0.8292630201349668
GO:0001680,tRNA 3'-terminal CCA addition,5,0.6517624453847255,0.8292630201349668
GO:0006897,endocytosis,9,0.6580922999691514,0.8336677888284836
GO:0030488,tRNA methylation,16,0.6629241281044387,0.8346519820598842
GO:0048366,leaf development,21,0.6639277130021806,0.8346519820598842
GO:0009903,chloroplast avoidance movement,14,0.6615852164419083,0.8346519820598842
GO:0009791,post-embryonic development,7,0.6613073672283311,0.8346519820598842
GO:2000022,regulation of jasmonic acid mediated signaling pathway,9,0.6697193391992913,0.840332250706335
GO:0140042,lipid droplet formation,5,0.6711616985154495,0.8405440626569197
GO:0051607,defense response to virus,7,0.6757662892470726,0.8447078615588407
GO:0007129,homologous chromosome pairing at meiosis,6,0.6819454793295154,0.8492151252027929
GO:0000725,recombinational repair,5,0.6806638742366169,0.8492151252027929
GO:0006974,DNA damage response,18,0.6876735469520924,0.8547354820873464
GO:0006450,regulation of translational fidelity,5,0.6898282709223142,0.8558019902419688
GO:0040029,epigenetic regulation of gene expression,29,0.6915593310334841,0.8563398845818002
GO:0006189,'de novo' IMP biosynthetic process,5,0.6939318222474848,0.857668544350824
GO:0006914,autophagy,5,0.6961997072446034,0.858863190245679
GO:0000447,"endonucleolytic cleavage in ITS1 to separate SSU-rRNA from 5.8S rRNA and LSU-rRNA from tricistronic rRNA transcript (SSU-rRNA, 5.8S rRNA, LSU-rRNA)",7,0.700410441460843,0.8624456928435753
GO:0010183,pollen tube guidance,16,0.7037872387403552,0.8633821144398409
GO:0007017,microtubule-based process,15,0.7032313892834859,0.8633821144398409
GO:0000467,"exonucleolytic trimming to generate mature 3'-end of 5.8S rRNA from tricistronic rRNA transcript (SSU-rRNA, 5.8S rRNA, LSU-rRNA)",5,0.7118998116866508,0.8700997698392399
GO:0048367,shoot system development,19,0.7107133011005268,0.8700997698392399
GO:0051321,meiotic cell cycle,8,0.7187639537716896,0.8736357449158657
GO:0000380,"alternative mRNA splicing, via spliceosome",6,0.7161736692829282,0.8736357449158657
GO:0010228,vegetative to reproductive phase transition of meristem,13,0.7176419846187372,0.8736357449158657
GO:0000956,nuclear-transcribed mRNA catabolic process,5,0.7217169184961599,0.8756124378813706
GO:0045132,meiotic chromosome segregation,5,0.7243762143554866,0.877226241237837
GO:0015780,nucleotide-sugar transmembrane transport,5,0.7269308314958862,0.877373240149092
GO:0030154,cell differentiation,6,0.7271563066084141,0.877373240149092
GO:1900426,positive regulation of defense response to bacterium,7,0.7300007902373482,0.8783190751304004
GO:0009736,cytokinin-activated signaling pathway,8,0.731932562608667,0.8783190751304004
GO:0045088,regulation of innate immune response,6,0.7318287578109458,0.8783190751304004
GO:0016485,protein processing,6,0.7360820920851088,0.8816954279059379
GO:0050801,monoatomic ion homeostasis,5,0.7386629033799568,0.8831839062151657
GO:0002239,response to oomycetes,11,0.7413171707681465,0.8847546703561966
GO:0050821,protein stabilization,9,0.7467993168591402,0.8896887168357989
GO:0009741,response to brassinosteroid,14,0.7492513477850364,0.8910016027713946
GO:0043484,regulation of RNA splicing,5,0.7512202083780981,0.8917362185783179
GO:0006282,regulation of DNA repair,6,0.7603338294867223,0.9009341606126332
GO:0009807,lignan biosynthetic process,6,0.7640043499577945,0.9035430533557224
GO:0009867,jasmonic acid mediated signaling pathway,6,0.7652735860997709,0.9035430533557224
GO:0051211,anisotropic cell growth,6,0.7711268418515482,0.903985285296664
GO:0010074,maintenance of meristem identity,5,0.7707294338355891,0.903985285296664
GO:0140547,acquisition of seed longevity,5,0.7697027453280161,0.903985285296664
GO:0035196,miRNA processing,5,0.7697027453280161,0.903985285296664
GO:0006367,transcription initiation at RNA polymerase II promoter,16,0.77402509964906,0.9057740527808149
GO:0010483,pollen tube reception,7,0.7839071224561338,0.9157145147275191
GO:0008380,RNA splicing,39,0.7876034772731917,0.9168744681456918
GO:0071897,DNA biosynthetic process,7,0.7876785203615262,0.9168744681456918
GO:0006611,protein export from nucleus,5,0.7913453261161136,0.9173903752871913
GO:0042545,cell wall modification,49,0.7922916877480288,0.9173903752871913
GO:0000963,mitochondrial RNA processing,27,0.7896966937686438,0.9173903752871913
GO:0070483,detection of hypoxia,5,0.8031556320253052,0.917563919641167
GO:0006289,nucleotide-excision repair,17,0.8081584909053872,0.917563919641167
GO:0006164,purine nucleotide biosynthetic process,7,0.8083667256906448,0.917563919641167
GO:0018171,peptidyl-cysteine oxidation,5,0.8031556320253052,0.917563919641167
GO:0006310,DNA recombination,24,0.8015860676613868,0.917563919641167
GO:0006413,translational initiation,40,0.8055550779403515,0.917563919641167
GO:0046854,phosphatidylinositol phosphate biosynthetic process,10,0.809071469748652,0.917563919641167
GO:0052324,plant-type cell wall cellulose biosynthetic process,6,0.8041712905488735,0.917563919641167
GO:0009251,glucan catabolic process,6,0.7942958618934061,0.917563919641167
GO:0030705,cytoskeleton-dependent intracellular transport,16,0.8042029329307864,0.917563919641167
GO:0030968,endoplasmic reticulum unfolded protein response,17,0.806365349471005,0.917563919641167
GO:0000245,spliceosomal complex assembly,13,0.8091245473199382,0.917563919641167
GO:0009909,regulation of flower development,18,0.817091013115173,0.9191131899786916
GO:0006281,DNA repair,70,0.819344837861031,0.9191131899786916
GO:0006259,DNA metabolic process,8,0.8244166794960386,0.9191131899786916
GO:0033384,geranyl diphosphate biosynthetic process,6,0.8243895679244259,0.9191131899786916
GO:0019915,lipid storage,9,0.8168790714349846,0.9191131899786916
GO:0009860,pollen tube growth,44,0.8151709515120946,0.9191131899786916
GO:0045493,xylan catabolic process,12,0.8193023323945381,0.9191131899786916
GO:0045337,"trans, trans-farnesyl diphosphate biosynthetic process",6,0.8243895679244259,0.9191131899786916
GO:0009408,response to heat,49,0.8237726364985044,0.9191131899786916
GO:0033386,geranylgeranyl diphosphate biosynthetic process,6,0.8243895679244259,0.9191131899786916
GO:0010449,root meristem growth,5,0.8269463627159019,0.9203787510834659
GO:0043161,proteasome-mediated ubiquitin-dependent protein catabolic process,74,0.8302014590713023,0.920895736112705
GO:0060586,multicellular organismal-level iron ion homeostasis,6,0.8293691027285703,0.920895736112705
GO:1900150,regulation of defense response to fungus,35,0.8359083105307243,0.9226586424924494
GO:0006457,protein folding,93,0.8334625261718326,0.9226586424924494
GO:0015914,phospholipid transport,13,0.8362033117236163,0.9226586424924494
GO:0009856,pollination,7,0.8373826164439049,0.9226586424924494
GO:0002183,cytoplasmic translational initiation,13,0.8405967448351871,0.9246564193187058
GO:0009561,megagametogenesis,7,0.8436261003225352,0.9264446359615194
GO:0008299,isoprenoid biosynthetic process,7,0.8472118544256375,0.9272965570827872
GO:0006574,L-valine catabolic process,11,0.8464764059082347,0.9272965570827872
GO:0045087,innate immune response,24,0.851844078219074,0.9301248277416053
GO:0010017,red or far-red light signaling pathway,6,0.8526144254298048,0.9301248277416053
GO:0048608,reproductive structure development,7,0.8549652476536835,0.9311502697218336
GO:0072659,protein localization to plasma membrane,8,0.8632823126758391,0.9386595162537954
GO:0032544,plastid translation,7,0.8692050728790778,0.9435449804279462
GO:0048658,anther wall tapetum development,9,0.8715918416749447,0.9445822914703834
GO:0048573,"photoperiodism, flowering",9,0.8753657893957036,0.9455669738153263
GO:1902775,mitochondrial large ribosomal subunit assembly,5,0.8746458670299885,0.9455669738153263
GO:0030150,protein import into mitochondrial matrix,12,0.8854902158430085,0.9549404288503033
GO:0010187,negative regulation of seed germination,6,0.9012734844356443,0.9609701126454365
GO:0045332,phospholipid translocation,11,0.896686555729012,0.9609701126454365
GO:0010467,gene expression,8,0.893330275092871,0.9609701126454365
GO:0060236,regulation of mitotic spindle organization,8,0.8984894266168553,0.9609701126454365
GO:0160109,plant gross anatomical part developmental process,36,0.8944516315012864,0.9609701126454365
GO:0006368,transcription elongation by RNA polymerase II,8,0.8975892593606234,0.9609701126454365
GO:0009959,negative gravitropism,13,0.9002572181389081,0.9609701126454365
GO:0006260,DNA replication,17,0.9091500040539772,0.9637662813952976
GO:0016926,protein desumoylation,5,0.9102470985989339,0.9637662813952976
GO:0006366,transcription by RNA polymerase II,15,0.9083822949499393,0.9637662813952976
GO:0010208,pollen wall assembly,7,0.9111972115010086,0.9637662813952976
GO:0010025,wax biosynthetic process,7,0.9107793943766481,0.9637662813952976
GO:0000387,spliceosomal snRNP assembly,18,0.9133017102441345,0.9644466060178061
GO:0010584,pollen exine formation,13,0.9156285486019481,0.9653591726474213
GO:0051560,mitochondrial calcium ion homeostasis,7,0.9216503218660012,0.9666931276301467
GO:0036444,calcium import into the mitochondrion,7,0.9216503218660012,0.9666931276301467
GO:0090351,seedling development,11,0.9254279557496577,0.9666931276301467
GO:0140301,pollen-stigma interaction,7,0.926801558627939,0.9666931276301467
GO:0006541,L-glutamine metabolic process,11,0.9238097537808156,0.9666931276301467
GO:0009735,response to cytokinin,11,0.9213445306277663,0.9666931276301467
GO:0051301,cell division,8,0.9271465905907316,0.9666931276301467
GO:0006370,7-methylguanosine mRNA capping,5,0.9356881134232969,0.9715055646236093
GO:0031124,mRNA 3'-end processing,7,0.9361780895463871,0.9715055646236093
GO:0001522,pseudouridine synthesis,19,0.9343101833855627,0.9715055646236093
GO:0017148,negative regulation of translation,14,0.940532893396455,0.9744924798142233
GO:0010052,guard cell differentiation,9,0.9432724935048609,0.9755871314437567
GO:0072344,rescue of stalled cytosolic ribosome,8,0.9445457227160008,0.9755871314437567
GO:0072699,protein localization to cortical microtubule cytoskeleton,5,0.9556540232794289,0.9845512565304415
GO:0009845,seed germination,25,0.9562081142969894,0.9845512565304415
GO:0009085,L-lysine biosynthetic process,6,0.9590253342874597,0.9849279863176887
GO:1903409,reactive oxygen species biosynthetic process,24,0.9675219021867175,0.9849279863176887
GO:0022900,electron transport chain,5,0.9660496310958645,0.9849279863176887
GO:0006006,glucose metabolic process,5,0.9648262845995186,0.9849279863176887
GO:0019941,modification-dependent protein catabolic process,7,0.961286566587515,0.9849279863176887
GO:0106074,aminoacyl-tRNA metabolism involved in translational fidelity,6,0.9623747343160062,0.9849279863176887
GO:1900425,negative regulation of defense response to bacterium,9,0.9714971501406293,0.9849279863176887
GO:0034220,monoatomic ion transmembrane transport,9,0.9710125708607068,0.9849279863176887
GO:0006383,transcription by RNA polymerase III,10,0.9657932671575205,0.9849279863176887
GO:0009639,response to red or far red light,18,0.9694372028187784,0.9849279863176887
GO:0042908,xenobiotic transport,6,0.9736835174486446,0.9856305544725543
GO:0007020,microtubule nucleation,5,0.9803144042661383,0.9908231344803236
GO:0007131,reciprocal meiotic recombination,7,0.9941947985040098,0.9954413998680678
GO:0046686,response to cadmium ion,20,0.9949573847046194,0.9954413998680678
GO:0006400,tRNA modification,19,0.9947086661107699,0.9954413998680678
GO:0080162,endoplasmic reticulum to cytosol auxin transport,7,0.9937743743278827,0.9954413998680678
GO:0080092,regulation of pollen tube growth,11,0.9945173343424376,0.9954413998680678
GO:0007059,chromosome segregation,8,0.9869161946859817,0.9954413998680678
GO:0019722,calcium-mediated signaling,6,0.9954413998680678,0.9954413998680678
