Clustering_1,Clustering_2,Chi_Square,DoF,P_Value
gmm_10_genes,gmm_100_genes,28.125,1,1.1372725656979661e-07
gmm_10_genes,gmm_1000_genes,28.125,1,1.1372725656979661e-07
gmm_10_genes,gmm_5000_genes,24.596078431372547,1,7.06954560823676e-07
gmm_10_genes,gmm_10000_genes,24.596078431372547,1,7.06954560823676e-07
gmm_100_genes,gmm_1000_genes,28.125,1,1.1372725656979661e-07
gmm_100_genes,gmm_5000_genes,24.596078431372547,1,7.06954560823676e-07
gmm_100_genes,gmm_10000_genes,24.596078431372547,1,7.06954560823676e-07
gmm_1000_genes,gmm_5000_genes,24.596078431372547,1,7.06954560823676e-07
gmm_1000_genes,gmm_10000_genes,24.596078431372547,1,7.06954560823676e-07
gmm_5000_genes,gmm_10000_genes,28.11029603998462,1,1.1459459031878143e-07
