Clustering,Compared_To,Chi_Square,DoF,P_Value
hier_k2,condition,0.0,1,1.0
hier_k2,genotype,24.596078431372547,1,7.06954560823676e-07
hier_k2,age,0.0,1,1.0
hier_k3,condition,0.17777777777777776,2,0.9149472287300311
hier_k3,genotype,28.444444444444443,2,6.658361469857316e-07
hier_k3,age,13.511111111111111,2,0.0011643927697240226
hier_k4,condition,1.0666666666666667,3,0.7851263564754859
hier_k4,genotype,32.0,3,5.233466447749424e-07
hier_k4,age,17.066666666666666,3,0.0006847766963815389
hier_k5,condition,3.7333333333333334,4,0.4432963583745305
hier_k5,genotype,32.0,4,1.9130979702274063e-06
hier_k5,age,17.066666666666666,4,0.0018761398126510007
hier_k6,condition,3.8095238095238093,5,0.57715281027257
hier_k6,genotype,32.0,5,5.941260104771349e-06
hier_k6,age,32.0,5,5.941260104771349e-06
hier_10_genes,condition,0.0,1,1.0
hier_10_genes,genotype,28.125,1,1.1372725656979661e-07
hier_10_genes,age,0.0,1,1.0
hier_100_genes,condition,0.0,1,1.0
hier_100_genes,genotype,28.125,1,1.1372725656979661e-07
hier_100_genes,age,0.0,1,1.0
hier_1000_genes,condition,0.0,1,1.0
hier_1000_genes,genotype,28.125,1,1.1372725656979661e-07
hier_1000_genes,age,0.0,1,1.0
hier_5000_genes,condition,0.0,1,1.0
hier_5000_genes,genotype,24.596078431372547,1,7.06954560823676e-07
hier_5000_genes,age,0.0,1,1.0
hier_10000_genes,condition,0.0,1,1.0
hier_10000_genes,genotype,24.596078431372547,1,7.06954560823676e-07
hier_10000_genes,age,0.0,1,1.0
