Clustering_1,Clustering_2,Chi_Square,Degrees_of_Freedom,P_Value,Adjusted_P_Value
kmeans_10_genes,kmeans_100_genes,28.125,1,1.1372725656979661e-07,1.895454276163277e-07
kmeans_10_genes,kmeans_1000_genes,28.125,1,1.1372725656979661e-07,1.895454276163277e-07
kmeans_10_genes,kmeans_5000_genes,28.125,1,1.1372725656979661e-07,1.895454276163277e-07
kmeans_10_genes,kmeans_10000_genes,24.596078431372547,1,7.06954560823676e-07,7.06954560823676e-07
kmeans_100_genes,kmeans_1000_genes,28.125,1,1.1372725656979661e-07,1.895454276163277e-07
kmeans_100_genes,kmeans_5000_genes,28.125,1,1.1372725656979661e-07,1.895454276163277e-07
kmeans_100_genes,kmeans_10000_genes,24.596078431372547,1,7.06954560823676e-07,7.06954560823676e-07
kmeans_1000_genes,kmeans_5000_genes,28.125,1,1.1372725656979661e-07,1.895454276163277e-07
kmeans_1000_genes,kmeans_10000_genes,24.596078431372547,1,7.06954560823676e-07,7.06954560823676e-07
kmeans_5000_genes,kmeans_10000_genes,24.596078431372547,1,7.06954560823676e-07,7.06954560823676e-07
