Gene,"Ground Control, 4 days old, Col-0 Rep1","Ground Control, 4 days old, Col-0 Rep2","Ground Control, 4 days old, Col-0 Rep3","Ground Control, 4 days old, Col-0 Rep4","Spaceflight, 4 days old, Col-0 Rep1","Spaceflight, 4 days old, Col-0 Rep2","Spaceflight, 4 days old, Col-0 Rep3","Spaceflight, 4 days old, Col-0 Rep4","Ground Control, 4 days old, WS Rep1","Ground Control, 4 days old, WS Rep2","Ground Control, 4 days old, WS Rep3","Ground Control, 4 days old, WS Rep4","Spaceflight, 4 days old, WS Rep1","Spaceflight, 4 days old, WS Rep2","Spaceflight, 4 days old, WS Rep3","Spaceflight, 4 days old, WS Rep4","Ground Control, 8 days old, Col-0 Rep1","Ground Control, 8 days old, Col-0 Rep2","Ground Control, 8 days old, Col-0 Rep3","Ground Control, 8 days old, Col-0 Rep4","Spaceflight, 8 days old, Col-0 Rep1","Spaceflight, 8 days old, Col-0 Rep2","Spaceflight, 8 days old, Col-0 Rep3","Spaceflight, 8 days old, Col-0 Rep4","Ground Control, 8 days old, WS Rep1","Ground Control, 8 days old, WS Rep2","Ground Control, 8 days old, WS Rep3","Ground Control, 8 days old, WS Rep4","Spaceflight, 8 days old, WS Rep1","Spaceflight, 8 days old, WS Rep2","Spaceflight, 8 days old, WS Rep3","Spaceflight, 8 days old, WS Rep4"
AT4G23496,-0.1433283264884136,0.15782996632819007,-0.5739515716342237,-0.25493670254337963,-1.3383295967311877,-1.2627848795232006,-1.701940075208734,-1.6590462260215022,-0.1277212985339895,-0.1987998128313008,-0.1430182755019846,0.3690854626932075,-1.7346071542299935,-1.4517094740106253,-1.2945881316879257,-0.7728272345909931,1.588832810972782,1.4086752317494358,1.0950463732893194,1.4801126815149286,-0.19972137057902842,-0.06904965089107191,-0.0026064317956517994,0.14212697238249328,1.1517755987034135,1.427457943559573,1.0637489615742932,1.2942520494579839,0.42171540227477916,0.5487465807590682,0.4450794250526888,0.3344807524910486
AT4G18422,1.3074574390807088,1.6875194751479605,0.44046615464070776,0.5373914855698116,-0.598736483220982,-0.6017538349706432,-0.7667654623812998,-1.7497386595495206,1.597876270781504,0.4740435469964304,0.7993638185035775,1.5362999983528811,-0.9786460366630362,-0.865269443667452,-0.4828973809056719,-1.1119311907826719,1.0756368851693652,0.5766541823561283,0.8230044691775783,-0.04516232253923757,-0.6631667180816706,-1.1836800974444404,-0.6182664175013826,-1.2259280657572074,1.0947941654868727,0.9606110183915748,0.9606115785626239,0.8728183015586514,-0.8754037676084617,-1.318659746861791,-0.662951785863311,-0.9955913759775988
AT3G52740,1.0183216994925035,0.9352478170545735,0.7385153935593538,0.8125670312472143,-1.257244419211118,-1.2180994914641046,-1.904343589298509,-1.6452445294834344,1.320483807137123,-0.10115033505435671,1.1876009871718112,1.3953983874652134,-0.7778017184405684,-0.6770561333210211,-0.22425525938255947,-0.45759213850441977,0.9303270604554441,0.9710183377699128,0.7482988949259171,0.7796180879450881,-1.3095858455662635,-0.8361579870499473,-1.3177460535037007,-1.6571015871824302,1.004128796577063,0.8463444443963899,0.7514713718731368,0.8084037900705341,-0.19367413959727542,-0.2720395207250429,-0.05126900226430818,-0.34738415709219417
AT4G15248,0.9413810080474259,1.8559686573600185,0.41888764559086655,0.29664102957538013,-1.7645146728540038,-1.3495317968238838,-1.6076914653645684,-1.6089227915094118,0.3366675913649317,-0.4038200575916514,0.49572499363726846,0.8400509651542307,-0.634209138592203,-0.8896031732117768,-0.4237252217693459,-0.1907370366634233,1.3995654782326383,1.3313991382397086,0.9220345424556726,1.0322187129897353,-1.2368153681807603,-1.2194065727955798,-0.9439406730230286,-0.8936456820614098,0.9316866886362349,1.1830391729483,0.7478718600849563,1.120794534871952,0.07098956562329155,-0.3540775851126518,-0.12560350116672356,-0.2786768480921996
AT3G24520,1.2527233622154212,1.3920555077293666,1.893727140048909,1.1898841430022962,-0.7586733222443056,-0.6728090679401619,-1.28481636533153,-0.5762053719233491,-0.17235865826138028,-0.6099482219845763,-0.3180537250496623,0.3187340449376538,-1.402911124454078,-1.4607998262056947,-1.1399486033535486,-0.7130482355738679,1.4135215437072288,1.2869374207676232,0.9259279582326779,2.0318098678829135,-0.2131902178680255,-0.0033042587217967856,-0.06715596300353643,-0.48689561190031644,0.07329264960428399,0.6422519046711862,0.5415266559966394,0.2734776144714495,-0.4630727100267677,-1.2751775789080813,-0.06583288351048726,-1.5516680670064358
AT4G25830,2.0268932056489017,1.6193922291496539,1.491991644905799,1.0055508865130156,-0.34237960070815454,0.14053720166599423,0.1913101829608142,-0.11826141138227418,0.9845674406244047,-0.03182637039300576,0.5072572980205643,1.5545684610546469,-1.2939366022813903,-1.0599079719009605,-0.23909672887636627,-0.8671746142622502,1.3216385037059821,0.7772547379152088,0.23951673593272416,0.21657741376356698,-0.8435635567991899,-0.3238311896543979,-0.8188293502914321,-0.9271091771144888,0.8151788760663082,-0.3098456576881215,-0.2671984031015994,0.15730616357588675,-2.149091774790473,-1.617655580080945,-0.8600789321605277,-0.9797540600178812
AT5G66170,-1.5297532617448615,-0.6533151287033576,-1.69226592230352,-1.3289067500136753,0.1297735834237798,0.9379591723459321,0.7863644638004801,-0.8066619007380621,-0.8044329200731032,-1.439135564789605,-1.2216908355824967,-0.7943929138920129,0.3481973242477416,1.087681977705442,1.6700322724496361,1.6086042166493038,-0.7637357478519747,-0.7914952578894936,-0.9359919251031715,-1.2565713504972578,0.5314572374068887,0.7891503071915767,0.3539910796413365,0.2796417208520387,0.057381096356902014,0.0987328711562136,0.10791751752773344,0.42005985869706236,0.8665956621691747,1.323234346319058,1.2795622365788482,1.342012534663461
AT1G10370,-0.3908111962733227,-0.16411380691351576,0.40517480088533003,-0.5232573360948609,-2.0134027456295667,-1.6149487790886932,-1.44338920276221,-1.8378886482454326,0.739637386534375,1.0613586538609032,1.6200900100621518,1.8796159351427573,-1.2533872306886413,-0.7971954803182538,-0.5393701767146255,-0.34969923403336683,0.48917157726225363,0.5445096345122383,-0.025387305991784265,0.7332863816547036,-0.6320382398525152,-0.14329967907493565,-0.2819890457077348,-0.5754531319905851,1.4952718959848388,1.3957737627446756,0.6904911183661353,1.4250218039657374,-0.21487027385901786,-0.18613005446790873,0.2171316007706686,0.2900970059602187
AT4G14690,1.339705090983269,1.4565880644989153,1.7230158580301,2.080750126669247,-0.9110285224215015,-1.054258958633642,-1.0067806748621813,-0.969836784977855,0.6647212653064318,-0.2973392296332011,0.6417185854231814,-0.31309671491298763,-0.7109174001727032,-1.0358640822698018,-1.4801263788978487,-1.3911586670810372,1.5788680058421254,1.359361088407196,1.3785137532240705,0.8847683534590107,-0.4450339372208734,-1.0387448210328534,-0.41166857270192175,-0.7139148213061134,0.19620920789240204,-0.1456381960770567,0.28100276761134635,0.11967500789750708,-0.1369686945621364,-0.7844998386490012,-0.35932376643960384,-0.4986971133924913
AT5G54470,0.5648540587817693,0.6346921785499933,0.4258508568689355,-0.37468761258387884,-1.7390881320831504,-1.4351901987743705,-0.30500808198394763,-1.8351872553052186,0.29044772234312205,0.5514386645443314,0.5287327021921048,0.7797674263724058,-0.42356171142412147,-0.7513932414419492,-1.2315566881708329,-1.272437649161285,1.7203566101124754,1.4171709767456298,1.738729104592455,1.5029771962020233,0.29362684307942577,0.21972881266886377,-0.6390400141230984,-1.1773503918463097,0.32405094194994255,1.040688822818597,0.9777434890870319,0.7320487302300392,-0.2299705366379745,-0.32573310011470535,-0.6608336558274789,-1.3418668676608252
AT5G53980,-1.5231205214809695,-0.7503819010579219,-0.9833844518209052,-0.3733987883118464,1.733069553397169,1.3567731846577922,0.8447305498504611,0.6524122072952732,-0.3994544055204066,0.08569127347119349,-0.146330816722744,0.051043555902689275,0.92504282209459,0.9568239060245509,1.6070155437547162,2.4574973543377228,-1.285983041429627,-1.2545527895197541,-1.1288953438262257,-1.5990817005651832,-0.805423686808081,-0.030201625524046084,-0.1051461399576126,-0.3588656282358593,-0.649957051820729,-0.9779774123587912,-0.6562025424111927,-0.010129698289446586,0.3195022579603837,1.1020193697950542,0.5736198326351056,0.3732461344846239
AT5G67210,1.9241048154991376,1.3969049394893234,0.9735783973651876,1.628605112506277,-0.5259206900651986,-0.36680146617826315,-0.4761777329693268,-1.2521491560781233,0.17200634412400231,-0.3136632682579757,-0.029145280984303714,1.0781920757227093,-2.279557385198886,-0.9606413700019268,-1.3457624386596327,-1.2258519107758812,0.4372731795784306,0.3635212306924939,1.1957315697223319,1.4538482796791359,-0.35504951396332374,-0.6725817101585106,0.060028661113325464,-0.5054679248883784,1.1680365864932531,0.6599578465885858,0.008393800368120426,0.7781678354409478,-1.327738660207153,-0.47001496380734664,-0.6745141672825419,-0.5173130349064743
AT5G23280,0.6771686194381887,0.842757666148863,0.05502658409832216,0.6573588963644875,-0.7113093349049805,-1.4075274434606564,-0.40583897818044623,-0.497120811485828,-0.31326424391883484,-0.41357695293809704,0.08122751966128275,0.37507111185633757,-2.4354950376847597,-1.5589272093974396,-1.7885485482966452,-1.0017647728664736,1.0963688000551275,1.4393112315555339,1.1058164005588818,1.336943080411198,0.28824514754565006,0.7178109343089605,-0.5348078557856394,0.3283772886102162,1.4838471881866957,1.1882308676684255,0.8940838516677073,0.6662380671452685,0.36499008239283887,-0.640009299582569,-1.1083410252287897,-0.7823418239428838
AT2G44080,-1.2714653178655408,-1.339523992168726,-1.1252472079057532,-0.662620623997643,0.8797602686652475,1.222978978791652,0.7536669524054929,0.24092144476230645,-1.3853953041497884,-1.8856628073146326,-1.8374163175561256,-1.3305885287295025,0.675907347102844,1.724660589375298,1.7875119176215706,0.9611779488117695,-0.5728580283191739,-0.6152221205254963,0.4133806101807934,-0.411025055539166,0.39120947948923984,0.7519161133404766,0.3557722095409135,0.22922028990234214,-0.25770047632461385,-0.21310303376016873,-0.4878400810181646,-0.5140130839497595,0.9026532090864834,1.1377007838961486,0.9016809335595792,0.5795629025920903
AT1G67030,0.9443247710149868,0.9255812152793512,1.3490145309152421,1.2953480305346332,-1.1962375860998957,-1.005096502882579,-0.9700861415306997,-1.7186298741805393,-0.16808512464422204,0.8988623944500234,0.8903376988955075,1.3424645812793075,-2.48243920303882,-0.9188775203265332,-0.12853689051141368,-0.4737582370976321,1.1844169660554973,0.7836755436316503,0.3747008693029337,1.1496561607850715,-1.3604466921024354,-0.7720060787535237,-0.5826129776288443,-0.8488023051815974,0.7293071966932967,0.5827252181262129,0.5377470074068356,0.7355677148142773,-0.32155995699116785,-0.2230973841803067,0.33362523768939245,-0.8870826617239576
AT2G27370,2.214871946048712,1.1837618000104264,0.34808285415733015,2.0061468341995523,-1.0327985761254603,-0.41681237811657185,-1.177259216946676,-0.8249416349515227,0.9043021696068941,0.00909606296801099,0.11693711395992706,1.3015602955883863,-1.716274394931601,-1.7988334385762783,-1.186531868949223,-1.1497894153788957,1.0991734494584315,1.1130601837030778,0.5574978198550266,0.8330401490493706,-0.15196236027181617,0.4131263198278137,-0.31606464395512895,-0.016914172299557762,0.42032205682081974,0.3150318752341699,0.1660901442800584,0.03082857615795448,-0.9060998437285209,-1.0410915478276592,-0.5914287523207715,-0.7061274065462908
AT4G04750,0.7134012354038449,1.2628214177300416,0.7400106316417028,0.5069054052064259,-0.9412524224126714,-1.9866248170892815,-1.372304917043575,-1.821700090677367,0.2591027038541857,0.48845643612926687,0.9336758126330348,0.8501945990815294,-1.6136418948813107,-0.8423784297421496,-1.8818252783382545,-0.9956849506594991,0.9117508469525635,0.35527783071981306,0.572146324388565,0.8169017692363721,0.15331105597893574,-1.3236081131273014,-0.03496262562921014,0.40515356842826494,1.1090770011360047,0.8776818897682835,1.2988526422032112,0.95801004076922,0.07113723191846655,0.5374986015137755,-0.5790666569402808,-0.42831684815259335
AT1G54540,1.197525343849144,0.9356266909520964,0.1494745906089837,0.1872199601840366,-1.1263426647766661,-1.102370893668806,-1.4767204354018506,-1.4348584119692167,-0.5011657929552084,-0.6281168859040466,-0.08258744313511919,0.06240943053624762,-1.913367589508025,-1.4453333202183,-0.7965273876036361,-1.160934898353661,0.9740476472623895,0.5745822639469375,1.0403948676694812,1.4943026438312008,0.14926350301073002,0.09956618683547667,-0.8185876760814972,-0.24080510229752017,1.7654248925346554,1.4706958257225884,1.3768783739715584,1.111988762813878,-0.013589072486430992,0.6216198216802927,0.12410745697940154,-0.5938206880290953
AT1G21320,-1.242628093084808,-0.9044804851890311,-0.44134406609788485,-0.7163930878825627,0.31700688598309457,0.5570577523717352,0.6149180560911908,0.19898157537069316,-0.27901412293753897,-0.3218441880570834,-0.9976515503426577,-1.0941661115648158,0.7086012084883402,1.8633473478321299,2.108887337390511,0.7973731987190911,-0.7220960455035917,-1.1419170015935682,-1.147634304196098,-1.1589965122149621,0.5782630272791808,1.999870473331336,-0.05197731057223665,-0.5914299649729825,-1.5067044277289454,-0.9567535764707832,-0.38614580597698467,-0.09498291899857664,0.9306229335628806,1.299666303081639,0.8133369267357728,0.9682265471475205
AT5G54230,1.1678978704881031,1.6924868188490036,0.7217000029251801,0.7741974907013921,-0.09125395090884424,-0.5638649411864307,-0.693994681742874,-0.035100764639739795,-0.022215533461834018,-0.5206312429269021,0.19444764005374165,-0.17079073819531534,-2.245330796275728,-2.074621980363468,-1.5531767930257283,-2.0114937389736514,1.0705830392821822,0.6686563712709713,1.278543496493459,1.1365795195888988,-0.1698570846333199,0.9015637140658735,0.19005493779805455,-0.48180901944437654,0.9649038050727952,0.8815396155932512,0.9755168884994795,0.20013843464355008,-0.4408691046410969,-0.38971649066482583,-0.9084036924305269,-0.4456790918112844
AT2G36870,-0.5299718141153038,-0.45774952772475985,-0.34386345176817273,-0.2110207466462517,-1.277477510938862,-1.939101432888282,-1.0938676909590934,-1.7228133166202533,0.28170468955051997,-0.7662594937440514,-0.30253863492457356,0.38353797301635845,-1.711789007481225,-1.378535487270651,-0.5871308790929047,-0.5888641256952429,1.383539851809863,1.1995149097926434,1.2885037443456024,0.9131217848769614,-0.3150736859818753,-0.06560716797637314,0.0075164215367827985,0.11947663810272136,1.719108714193255,1.4036739578153892,1.024845766348458,1.3289602401131138,0.48709459037341135,1.0946729231504766,0.27876273026327975,0.37762903853904634
AT1G30750,1.6334294269311984,1.0779894082560026,0.802943323649242,0.9666605006992853,-1.3214227209221614,-0.3379086319958274,-1.4691207880238537,-1.6314739256088153,0.22136736592964576,-0.5209353613029741,0.6753928547349455,1.8288746895057777,-1.8292062903469544,-1.2073340211000272,-1.0706030583689112,-0.8564104609569966,0.991595586289976,0.601008535501467,0.1819915312109208,0.7537668675580954,0.3815146335059928,-0.09857283591777789,-0.6568530551197919,-0.18354659839857984,0.9010686895115785,1.146403083294097,0.8633460229868567,1.0489042005176876,-1.2538418097502906,-0.5835075060339536,-0.30620733870227007,-0.7493123175335631
AT5G54490,-1.5675700858629233,-0.8788934116681043,-1.1533025617384796,-2.03214723912933,0.850160342394414,1.1441679076583648,0.21623170889022905,-0.4092888447018707,-0.4520392817312041,-0.0487971011226394,0.013521406691407218,-0.09411429336258795,1.3067658882615212,2.285189686632197,1.0583501085519704,0.3681136597531237,-1.0591520567122186,-1.339610586497808,-1.1552725479762527,-1.5672102259332055,-0.05392860918977377,1.1650205838333354,0.19790877120928418,-0.2078515189035104,0.27372049194890635,-0.4674472727522764,-0.14505671474748005,-0.07417695470750253,0.8270230555160888,1.0030655985028591,1.503399920238319,0.49322017665515255
AT2G36100,1.4794969884342297,1.0363752541249485,1.0630071534001735,1.5193621436695544,-1.1925005730898968,-0.4432728216767488,-1.539116064067718,-1.4154806107672404,0.6674434788280776,-0.6210203342753345,0.8501363860491592,1.471792872421192,-2.1190140193254052,-1.3187669420826478,-1.323868950159845,-1.1406389186181745,1.0431751211790719,1.068563510078123,0.6965515123541444,1.3392232176771428,0.22984086418388705,0.0298956221888728,0.1449955302990092,-0.023259050580941933,0.3976890079378812,0.12378193998266959,0.19580647633860518,0.14015921742881832,-0.5711843292088669,-0.6469191190287309,-0.3568504582486005,-0.7854041054453947
AT5G13900,1.2155710464479528,1.4207749883223588,0.2942721348810284,0.2957753330696658,-1.384276912431585,-1.0313763403706593,-1.8464967888764132,-1.9087329603201437,-0.06520459259998199,0.6657636793493005,0.68277777950593,0.8523721321662072,-2.153380684949857,-1.1749367626188203,0.1859301378036752,-0.8838277863148957,0.802917893797532,0.44021400782864006,0.6731557447517912,0.9903420510296372,-0.7057052055665854,0.3756914150297678,-0.9257185572358363,-0.5111668730628647,1.0539855211308895,1.1171412688877909,1.0329138086278566,1.1639894885884925,-0.5611453891163413,0.5427473933139495,-0.01940894454478047,-0.6349580265236991
AT5G57660,1.4616842573767301,0.6214726921179137,0.5509398698330331,1.9361093048628677,-1.7428298476414177,-0.2910543037832015,-0.5286752424591268,-0.38278445036394043,0.8103276912000429,0.4316330664543835,0.6085063946800923,0.9982552356735604,-0.8591166617495017,-0.6520962454706722,-1.0099410301265108,-1.2246649221048278,1.995403659471004,1.190332125656901,1.0371184340006725,1.2361306111036354,-1.5455341465779624,-0.9173152052534643,-0.3664358204755229,-1.7437195809550585,0.005646227526809383,-0.12584718554468247,0.3325832981817048,0.05978135115439473,-0.14490903582909245,-0.4507739675651171,-0.20327039188959323,-1.0869561815040538
AT4G29930,-0.825907763670615,-0.33374000834964673,-0.7066506385942353,-0.6467843239550434,-1.2891622780098153,-0.8347485671757137,-0.595124086140189,-1.5719737790656683,-0.09291144080297475,-0.454457690560514,-0.6623428157123501,-0.14462852670612125,-1.1810178305649472,-1.5010759729347307,-0.9203092887999583,-1.654250874551751,1.196645555877082,1.328953949155077,1.6350172718718152,1.5606844322261069,-0.03661073406247342,-0.031008761775631714,0.7901016744496381,0.4669276362037209,1.6025433600229269,1.4718039995388439,1.2466080110771809,1.082882745477664,-0.1796403112380517,0.4067988920062434,0.4941912354684928,0.37918692929561526
AT4G21660,-0.7826078071418048,-0.5322175178217965,-1.261832539612514,-1.1210651663044968,0.3877766038490763,1.327067381746264,1.2294348498097445,1.2685349515509512,-0.18311039954679523,-1.513758002945522,-1.879832103800448,-1.1137711660788303,0.4733603340471743,2.2487806196705513,1.1723003437897872,0.7352186702529767,-0.3460262309988331,-0.22094984799628556,-0.3162591364204203,-0.19345011179586247,0.27835487915600277,1.6056887517278116,-0.15075733121781074,0.29933759864197695,-1.3272133389139267,-0.6299917235775936,-0.9766267830882815,-0.8361975933534732,0.5939535232561302,-0.06889795199344916,0.8875735778986046,0.9471826672110588
AT3G24020,2.161619201846375,1.3612689321287552,0.5940010744949206,1.5481431412627116,-1.1962711866395102,-0.3446187287403481,-1.6750309381681343,-1.09689598294553,0.5557115279622227,-0.7788410442077364,0.9422586579243304,1.1647572590451363,-1.7859966857495377,-1.3228709666396075,-1.0554410039091098,-1.1983545533313975,0.837089554079809,1.0401639952751227,0.7029946246432336,1.0310996225765192,0.04515925510756635,0.3731434990767691,-0.2629467729124575,0.0524745956358073,0.47499178528689606,0.6119170206886421,0.15734587601431896,0.04922758468345682,-0.976941066376731,-0.7388584236962007,-0.515289960106392,-0.7550098943098906
AT3G17130,0.5889382646914801,1.0152464456924433,1.4193484976065442,0.9397399919446237,-1.369746224334801,-1.3161236948354704,-0.8842154033766101,-1.0430330456106764,1.0412277286358833,0.024132759510021994,1.6314295331573376,1.7751326635563125,0.17658997810526716,-1.548602065376289,-1.2647352272461665,0.10440969460740955,0.927071491097371,0.03848545306216396,0.9247122726363916,0.45001287032114207,-0.7685615529954172,-1.347802073513272,-0.6425763234551503,-1.385023968310147,1.4699866693884525,-0.11710726930040133,0.08226279443362305,0.861871113908269,-1.0068242343690135,-0.46602313416916336,-0.6290650543674075,0.3188410489052457
AT5G47450,1.5882381119166944,2.1937662679135954,1.5333573259158502,1.8646995455927529,-0.05137747039224853,0.22612632426209836,-0.31798113764789004,0.08206886518222156,1.4603934174313868,0.36469838282675654,1.0551621656772565,1.8148828409397844,-1.05190068839946,-0.9925288396507898,-1.1428225236778777,-0.1763609354030821,0.47044342456596344,0.03596013711431794,-0.3874721807701104,0.27212943765450176,-0.9727537679344413,-0.5940842206444751,-0.7055690220006454,-1.0026511359032082,-0.09956935891128091,-0.3990598204959127,-0.8379013534309341,-0.23548894216417907,-1.2626695576793836,-1.0070314339088922,-0.4739338629148586,-1.2507699950635007
AT5G41590,-0.40519325388900107,-0.3520826788447549,-0.7439162070072545,-0.06224037276190492,-0.9918282174138634,-1.095672028601551,-1.5654596909716616,-1.5181851777888038,1.5634743102626052,0.6489770834682925,0.7313303132874394,1.81860588522548,-0.39667868913524684,0.34712379149238587,0.17234080916726008,-0.3396554443418492,-0.29981909430757436,-0.3625846973069894,-0.46951879734541696,-0.4714667456816077,-1.3328277980554013,-1.0735219682492918,-1.3303354546248134,-1.097280535547053,1.4158338230604508,1.35574766139499,1.2253283907239356,1.7038832194401299,0.6346303180162207,0.5493671931981461,1.0270705354796896,0.7145535176570165
AT5G08050,1.4592784722401437,1.9854854588179816,1.0401294189991452,1.2052204617339253,-0.2945806538026545,-0.5573817369893045,-1.5439490011922534,-1.3728337379210307,0.635214090676082,-0.7700709951283339,0.30759377115952935,0.21230036293437268,-1.8081916460390972,-1.582005422660913,-1.0666539644764088,-0.1440456016762934,1.4795467920400682,1.6966837044584102,0.825383815967375,1.2042859013005651,-1.0210063697687293,-0.6382410909832372,-0.018955959026417134,-0.5363130260537227,0.42046101367703814,-0.12909978854817694,0.24915866277380735,0.6365949928109716,-0.7727238390621883,-0.25016107479226984,-0.5690992431178757,-0.28202376835046694
AT4G13580,1.8878168780986406,1.428959517679251,0.6185219815039257,1.3305470106299782,-0.9028271381409678,-0.3827238467777536,-1.6725989880096008,-1.0535937896186622,0.34863147353720764,-0.8399114383275976,0.7240278624348453,1.262283639666389,-1.8070764422534191,-2.0979881875409103,-1.2950431094117985,-0.8710095682302381,0.9255371845051341,0.5771523489545637,0.3892166683463635,0.917236774539548,0.23763912064871406,0.028868191908961727,-0.21848503492782673,0.29313428121224955,0.943047164655847,0.7035884130194516,0.5971169218045776,0.6024285692966007,-0.8343622400703155,-0.554254872940346,-0.5502596204482265,-0.7356197257445505
AT4G36610,0.28047162415784804,0.26151042055011836,-0.5801332919593724,0.20347105464408977,-1.425622536473349,-1.2105708159121114,-0.921725689024054,-1.1135162795179419,-0.017938814818580777,-0.9208934630797176,-0.5679218225871491,-0.5760528649570084,-2.0332624139932047,-1.3738636703380624,-1.0330313740986081,-1.4553560979335063,1.675856051025867,1.3437980922681871,1.2067630277617352,1.6790071289533846,0.20984068010299234,1.0505677429893998,0.09767486134836487,0.94031705829593,0.9777873611547739,1.0094435707324554,1.0466273229500949,0.6527412299489639,-0.1187311779841404,0.7438738671957876,0.28645960911025475,-0.31759039051341637
AT3G55230,1.8866390274011526,1.34962265551116,1.0730719915055869,1.681808298460934,-1.09543890783848,-0.4999199683151972,-1.4075053434613563,-1.4817755652289286,0.24863571795266198,-0.8972404292084479,0.2939170544651022,1.314782833333777,-1.8958642225430147,-0.9638320984435401,-1.3577389671545754,-1.0215655081244828,0.8525843314046563,0.8491943567398895,0.7900161357212815,1.0655984608937117,0.25485926012020627,0.41706345460300237,0.08906013574533929,0.23361589959439324,0.43979906219025555,0.498092203697552,0.35436407518485874,0.17149991830964514,-1.0765307317295316,-0.7701221019171103,-0.4893690456059851,-0.907321983264552
AT3G13650,1.544287982392348,0.9348702545778567,1.3160000192847483,1.0301143066907423,-0.002263694486874161,-0.4709421937221595,-0.6706994106814552,-0.3570699895454977,-0.695330361551625,-0.9287831326952238,-0.3719533226142847,0.41787010927379764,-1.781524243073679,-0.8733618070874611,-0.9934563479270612,-1.195233681140478,1.6960742026229032,1.2120371035233617,1.9168124077016946,1.639122335610019,0.2413738615807445,0.41866369264261083,0.40236463745931844,0.6912539081369818,0.08433952193440084,-0.17093302012987222,-0.8037844357686325,-0.0725042112618582,-0.8093396483222155,-0.6721130895068042,-1.035149933616505,-1.6407418202998205
AT3G21560,2.4980300488885248,1.3043764794364552,2.3563214030693826,1.934631766413308,-1.1609150296982935,-0.7927269300258295,-0.5737044052038694,-0.9289597117454554,0.19143223921423783,-0.09565367477181759,0.3969438475499362,0.0129555956542581,-1.080633215815971,-0.26379221528540914,-0.5400471466534349,-0.7900594710961649,1.1824021100794746,0.8142170176896834,0.6840520223710103,1.3049747207431799,-0.7552545939187771,-0.04575741319984716,-0.7888541375426525,-0.7772116023442223,-0.1189813053074268,-0.07332231622810712,-0.371063672937149,-0.09889934821133521,-0.6942614976262803,-0.7341654131287055,-0.880757680971525,-1.1153164693971749
AT5G25350,-1.1014431230733492,-0.5746981285315051,-0.2900327038653031,-0.2752308373966419,0.9307883795871418,1.4789021175444348,1.0344483392959902,0.3421480410576913,-1.9768516924222914,-0.07271649183079094,-0.5043139460803152,-1.1597496757956067,0.2579955743442661,1.8763358038113218,1.8264921831497654,2.127789084574594,-0.681513210099206,-0.3015066979763253,-0.4982635710614936,-0.5704354392509804,-0.19369195419818822,1.242052495766355,0.25524273053371604,-0.043872492142930083,-1.3710925809323486,-1.2082689424878972,-1.1099331360213842,-1.0060686163949912,0.3353371106203566,0.5285317375886056,0.5675425588762512,0.13607708281104175
AT1G73650,0.8024945062416737,1.8767429516437149,0.8804780642257993,0.6254152794814701,-0.5212194861162053,-0.017224312974482,-1.2252545144656226,-1.4952006433033376,-0.39070778811675644,-0.1622371424380218,0.20021295375474313,0.1096985748716886,-2.7237266767837385,-0.6933070887596307,-0.8238055136609194,-0.15675686058515412,1.3960560235406014,0.9278257698555529,0.693877873178856,1.1665571652896902,-1.199192980025822,-0.2740152533390341,0.0983445753474282,-0.7439476323322578,0.6822510597653337,0.941731494854397,1.2397756875249049,1.525964927385053,-0.6868604303012676,-0.7021627740786072,-0.6705377938965544,-0.6812700157834565
AT5G07475,0.9454255064193897,0.5830761444671627,0.20992184020519344,0.5163343954106852,-0.9694362188697615,-1.2605342684220755,-0.7416916833654111,-1.260175578960882,-0.9307012582558689,-0.8550706314287844,-0.42842646253369077,-0.4746107501529268,-1.9379332594832661,-1.695164722811744,-0.5223637658515465,-1.5198363172454714,1.7105897780285442,1.5300927803840914,0.9437363033267961,1.8578213749600325,0.5878195039692076,0.6913539600512963,-0.17345831487428928,0.9303389744766806,0.3444809789184353,0.7876779742469151,0.9827789678564554,0.9376687302181128,-0.2875807368545628,0.016201836650890013,0.2101350979913694,-0.7284701784709536
AT2G39430,2.206423315473745,1.3024127778757033,1.2303129769587735,1.5465506665546984,-1.0926628304993404,-0.3406580145955622,-1.6557925263642865,-1.1216301297885292,0.1814359285710585,-0.5075766746245258,0.1454130815392183,1.4769076367368799,-1.484178206424235,-1.181044346852731,-1.0249398474166163,-1.338343169383866,0.7076684360854402,0.6185241720429604,0.6199789471890929,1.076490950021727,0.39451179282945975,0.4109178448064121,0.1721534785526397,0.08004225795370172,0.6090660074348994,0.4164190056336476,-0.007424834592669509,0.3634356262330355,-1.3076983541617095,-0.9729134081792822,-0.7037777617866019,-0.8200247978231507
AT3G11550,2.132772450785753,0.9538819192437337,0.6581106288234744,1.3443216118611836,-1.0498044319330408,-0.49942257703617865,-1.477151667909857,-1.2601991885207826,0.4027978864649172,-0.8714112299095257,0.028256970591026203,1.3776930282511872,-1.4535498482909834,-1.540186097229309,-1.5312254433802022,-1.0678398218222254,0.9000368729639248,0.8899079626329456,0.40116409108152357,1.211334451747622,0.712030241167634,0.12283491843606692,0.0504070839898059,0.3361080192050114,0.8448205911879436,0.7070203537830425,0.18989961566717345,0.6829945252686512,-1.0851160120445413,-1.0025157544008079,-0.4875524765281529,-0.6204186741470125
AT3G22620,1.4442979348752891,0.8495537768568888,0.8160101127852455,1.2588192525231299,-1.5710027219177305,-0.9074837272144043,-1.3065245404617296,-1.4488289080504535,0.37398577310422937,-0.5373319626866561,0.540764380145908,1.0919727290882095,-2.6953161699520973,-0.9131236646306521,-0.6718182051594206,-1.1848185946188796,0.7852639757032203,0.6486899641012801,0.4435686181655373,1.3510574273174698,0.065939527617924,0.5923349831022707,-0.2595640607595606,0.33977389872019004,0.7682115577418163,0.6978016319948235,0.8084255538981915,0.8070681442302133,-1.2545781910282099,-0.1001157176568976,-0.23421067515693317,-0.5988221026781791
AT5G09520,0.8604416220964797,0.04223709400274707,-0.19710754836916283,0.2590105949993897,-1.383772578254477,-1.0204224878915982,-0.6622926616012456,-1.1952453421530904,-0.7764805108535059,-0.5996580509855508,-0.797016355743837,-0.6149855976978953,-1.6304270097105538,-1.2317860365720055,-0.349488234667618,-1.4809146436729292,1.8006892187456982,1.172604499589484,1.1192837189704765,1.9351641093575735,0.3116426432005535,-0.37645648616061306,-0.08095257265893176,0.7565633372201618,0.8455369044459262,1.71130619180045,1.1427460777446679,1.3159249059679345,-0.6520473758012516,0.2255083047223503,0.0673882261858329,-0.5169939562554612
AT3G59900,-1.0856391381718318,-1.4225085373737818,-0.9288538869768889,-0.965358229139139,0.48985298493793566,0.046317075612314525,0.11342836101975874,0.18152713947588497,-1.4126137505471799,-1.1979448434049724,-1.583479091344754,-0.5035727051892234,0.4283374734688406,2.3756930129518743,2.623673128900331,0.30783694463473815,-0.8713509722249391,-0.6390362006557216,-0.16842957722945248,-0.8567609211671561,1.073212251266542,0.62500216629273,0.014745203482803882,0.36861891298870686,-0.26994642818690046,0.06505856443146997,-0.36758884979862294,-0.1959348395243866,0.7599533544967009,1.4013629326323471,0.9494210712463313,0.6449773930956402
AT1G59760,-0.8799625681092528,-0.580794051702013,-1.0353770955589041,0.37932782645281365,0.6695851840970717,0.19590258253800896,0.22539272587880696,1.4448933727429962,-0.8188232381480474,-2.185613059534748,-1.4042890914193016,-1.175905839853853,-0.9453374597307272,0.8939675286133787,0.4935749326630098,0.03545708631183673,-0.9758412619246877,-0.19595492780403267,0.19450783975129937,0.3145122317435952,1.4718489420747494,0.8006666415123632,1.9692044861219753,1.78876945840214,-0.9364119910205064,-0.46970911771785867,-0.3846601399983307,-1.3426265990425716,0.0883033658438815,0.29089186811538115,1.0001315591608577,1.074368809540605
AT2G48130,0.8439853123218927,0.6891941038314959,1.4790295501874373,1.5566851078483253,-1.1969188362597127,-1.169513613725224,-0.7990960213767607,-0.5734775507555495,-0.21027659715838098,-0.5894555001883246,0.23182961413483458,0.5605756644657217,-2.941560559717344,-1.1410514014349362,-0.25769216755656404,-1.536290524344188,1.1751675388671197,0.9448182804025395,0.7757536365213329,1.5180261242454833,0.03345411014206003,0.54756124090601,-0.0476874027724066,0.15906470415459156,0.4802674743981981,0.675570883918935,0.525996727436838,0.6863975685026287,-0.5760514614749469,-0.053783131505140865,-0.4413537807249042,-1.3491690932910585
AT3G56290,1.6633311038868666,2.2979389752765917,1.0382533001300702,1.5881867409350359,-0.5665799851994578,-0.44419762983115313,-1.2570234551778994,-1.2020550440980649,0.29248011932302354,-1.1539380282076628,-0.08394596272400678,0.009172923385857117,-1.8718215063343502,-1.2771998513233267,-0.38602084981655954,-0.5757074772790918,1.4660685246917797,1.2739764000138123,1.0235496878918686,1.2983474625822138,-0.9443077792931133,-0.7195978844765816,-0.25359907630448314,-0.43990491844085744,0.09540694531590758,0.24374214113999695,0.5610970580007146,0.3788357653766481,-0.5929161759977095,-0.46281001907387864,-0.44932509165929413,-0.5494364127128762
AT3G25655,0.7325731887461986,0.37264964930179617,-0.4473467039633309,-0.352816022290728,-1.1282242466003376,-0.9837490917157078,-0.8601312304335379,-1.1982464521048257,2.082100992487174,0.18326241569787283,0.6832035828635155,2.0097712665838485,-1.1909251666214005,-0.3485672499582683,-1.109738050245561,-0.4390352717363275,0.30222354730083467,-0.09083191313430068,-0.4044445085498234,0.16994798049654675,-1.0417285478778,-1.4375380440267724,-1.1336003055617538,-1.2712625293577022,1.5192436984039073,1.6063557653729548,1.3271405976542494,1.0244158624840767,0.4417179328515866,0.6638220911925453,0.24301100181103555,0.07674576093003027
AT1G30840,1.5002217954793915,1.069958219721849,1.738223406050257,1.497667907918803,0.10640748273679543,0.06888077225715415,-0.3456596218288822,-0.2350741195404003,-1.3230665966882604,-0.33048144887032266,-0.7321429396443098,-0.02719642609246842,-2.1453919147330986,-1.2447511426939897,-0.9149416531365856,-0.9304988206516208,1.5122514525605066,1.479164765954833,1.4404862261758375,1.6157853962359456,0.2189726957488794,-0.5955352432515666,0.11947385999854493,0.4420933799247212,-0.03130740034002596,-0.027074294803962194,-0.4300307227245293,-0.25436941218594417,-0.9181939346250121,-0.8674307157621977,-0.3985729307043252,-1.0578680224860306
AT5G67300,1.6485939906023475,1.6580753867965983,1.7012686662936134,2.4095975168801305,-0.9523938029788285,-0.3102606886585289,-0.33384920111061456,-0.6275742716125062,0.3437203860260732,-0.7844543461202718,0.04907455408162741,0.5222959772399542,-1.836230828545744,-0.3336351993369734,-0.13615226855126644,-1.285812324228026,0.9831870295636412,1.0092924923069988,1.2000008101977246,1.1533188076435523,-0.7217253605162167,-0.49841676399072665,-0.41493775486164997,-0.6677081362845302,0.21770171627030874,-0.06061593458375386,-0.3538504498431527,-0.2388843611746089,-0.6551736793216087,-0.3275677864118436,-0.6936379414018008,-1.6632462343699057
AT5G15950,0.44159312053191996,-0.050428384203726105,0.5029247003717485,0.0551921014115324,-2.0806870434794784,-1.5954161721668456,-1.664760421371871,-2.1080543202595425,0.5264226782721376,0.5431173444026975,1.446625096594089,1.1776530775616272,-0.21823373222001816,0.5218643225149724,0.40431522400400416,-0.5302912927823498,0.17930513876170742,0.34452966257142503,-0.09948113969847719,0.15053454614364278,-1.1641152429961932,-1.3192133601645994,-1.35440948515606,-1.039459143249122,0.8796667264917307,1.3924767448613078,0.7567605043870818,1.0606244470578043,0.7315856151675825,0.5999143477641622,0.7835922747478677,0.7258520641292587
AT4G28110,0.5311116202989251,1.527597082051178,0.8861633249842786,0.6263362847771744,-1.38892955345322,-0.8561250555605536,-1.5825826155401865,-1.763957176847796,0.45121662418528735,0.9652334502462293,0.6149076715893445,1.0393298114129854,-0.7655885080644449,-0.10095273543352759,-1.0163919303954456,-1.2627536934608277,0.7658661482457854,0.601550067226979,0.5280097909235169,1.3840001305729845,-0.6368834953824483,-2.110177690673889,-1.089133107364969,0.08539880334283238,-0.5217885372961102,1.033292310459357,1.141034760728256,1.0536459006454832,-0.9182269394031535,0.5186723656014754,0.22590432623204185,0.03422056535245526
AT1G60270,-0.40673511709755994,-0.31977242024198116,-0.7754250486668837,-0.6886816044630535,-1.372952449945972,-1.6370658733289032,-1.6810154834160176,-1.8254934310562836,0.21662774210940602,-0.06736545868364352,-0.2617806938703779,-0.1957922664877499,-1.3751899942287147,-0.6063805169072987,-0.3008118486311331,-0.44416157919624893,0.25522291307503175,0.4069304628071046,0.3084653645847912,0.788409148149943,-0.28429509455625335,0.11539478827607408,0.06223447500154919,-0.4923259908089387,1.690906208397517,1.7231056749357019,1.7121531626662592,1.915401309560222,0.8724692510110095,0.8446798903759057,0.47836215592387354,1.344882324712623
AT2G37180,1.3137448672179999,1.7580993168187373,1.6448652702037694,2.4272732806499433,-0.4857036860888556,0.03555031215084323,-0.7434751394134498,-0.08850070530885505,1.3335438685947727,0.1300809647184126,1.1552713081372155,1.598965277047042,-1.7026663597368137,-0.8177412794734925,-1.1849507942476056,-0.9962657782658694,0.48592379660563845,0.17019582614234338,0.39589867413480223,0.6195899820407069,-0.7749023025374981,-0.7546339281552258,-0.7660828258749308,-0.5239189301507821,-0.3922895262524445,-0.17872677533196937,-0.7586480073387751,-0.173084391644638,-0.9004114284526751,-0.8675887170692055,0.012773755726428757,-0.9721859248455816
AT4G25410,-1.1149036808209651,-1.0420918283836516,-1.9036229220932515,-1.5425202459546312,0.5423894179358053,0.054447241183862655,0.24009268194433073,-0.7343471006953066,-0.580833584709761,-1.1549506499853703,-0.36446090875030224,-0.14408079110594757,0.22977788982584094,1.549632664738488,1.7397749740069106,-0.36362511794105484,-0.7123809666279378,-0.7012871449598141,-1.6171319295217992,-1.049250205304897,0.7779443991642976,-0.033851125273326024,0.702271926885044,1.2964562987647774,-0.12431798356865356,0.07021361504211183,0.6839600806815891,0.2539866618807173,0.877167849074327,1.1928377862172623,2.0680014190892497,0.9047012792620613
AT5G01840,0.16071554101754215,0.5574269392622707,2.3761510934305305,2.2879181476096337,-1.7812865557390203,-1.5612766242108735,-1.1294844220405615,0.0046345730930890715,0.5093798835991953,0.9954991799542832,0.8016957015185903,1.2243115569727017,-0.9784685293500697,-0.28603122675810394,-0.41469512311679635,-1.0069877352408734,0.4995372699792712,0.8695496023726264,0.8246548653777106,0.5579766534030212,-0.6967774496156448,-0.40140622885335453,-0.708727783317097,-0.9451893817043652,0.6809930259872544,-0.21395260294093288,0.24872787178231676,0.3673881926142096,-1.1573460774997995,-0.2469214514928128,0.022289643157060647,-1.4602985492510223
AT5G64620,1.8038550982195638,0.9715848543762465,0.32355378174312066,0.6137825411127847,-0.3173547060399427,-0.9520243420420359,-0.8180720050575111,-0.7027931700194995,0.31666065048886627,1.434714962576322,0.3500178150265679,2.5401816632470555,-0.5260783708212328,0.16636340555769222,-0.6737097127251569,0.0618330073546642,-0.3256803322304805,-0.954016176569877,-0.21860872382344262,0.38751007641533775,-1.3937248367737167,-1.805925358473367,-1.5740539162987652,-1.3922693200218137,1.0220528270928877,0.7633691079023976,0.9721981222743263,1.1672047731798847,-0.35512172331612984,0.025805240625988282,-0.041058392882991415,-0.8701968400977106
AT4G13390,-0.6110777580289813,-0.9550748982602161,-0.2815213678982796,0.10023648581993226,0.9055856757595632,-0.4393396660613346,0.46948401232623477,0.3353655520716538,-1.2018392465847718,-0.12347105711008784,-0.7798240264760319,0.7550139623353002,-0.11974345728065162,2.0310726616408687,1.2800730954969113,1.354602491378008,-1.4655652868033215,-1.7044990706262775,-1.3481597174580546,-0.8059128927956961,0.3368679833278498,1.0147021391713928,-0.08687692082618008,0.27815586591547337,-1.0875282930113355,-0.6263248200291572,-1.2566788930982948,-0.740813195336632,0.4685593229084004,1.489561923385412,1.7045512662723574,1.1104181298759639
AT3G13580,-0.7590423955863296,-0.9575225488471146,-0.5617722271372856,-0.4124473734821346,1.0113496968724278,0.5803791333680425,1.1857444921691533,1.2871924529587357,0.47167736697316975,-3.2878636599100224,-0.3177235362837801,-0.9501146802102942,-0.47290537101937186,1.2840478293342121,1.0575233788536458,0.5756440106808284,-0.5578002702880744,-0.6745670456091399,-0.42205747804019855,-1.2442478194570499,0.8287090775786033,1.0788199874887474,0.6915121732624169,0.8150081476790763,-0.9366763288351793,-0.7449024012346266,-0.6393116675211246,-0.6893451749588233,0.6585191639773891,0.11491350414806485,0.9005391155823188,1.0867204474938381
AT2G22460,2.5805451149296617,1.2579356088213154,0.5322500112639419,0.6568317097203441,-0.5687614267331796,0.38513963621868763,0.34144657791048566,-0.24414107790560566,0.26663534466491556,0.6339666100396596,1.8742181799256985,0.3503373406718579,-1.0068541168429817,-0.9566856988607308,-0.6345461809248558,-0.734132999637948,0.4518466842189366,0.6220551633448329,0.17152787656535784,0.9618989060155732,-1.4782068391418022,-0.6322252680852696,-0.18261472318830135,-0.2836336219181746,0.36771400893164324,0.18362685002325854,-0.032305281181186675,0.7554719568005479,-0.25646320804368666,-1.2706293564040485,-2.440796670453632,-1.6714511107453183
AT4G24130,0.5817439249202053,0.8821384600881846,0.6079328596742889,0.5947246696846237,-0.593483057667341,-1.1157045656794786,-1.5078617814920146,-1.587303485945678,-0.11121332623823602,-0.5283915226305851,0.05778473616879786,0.4100960998013465,-2.3283792391050766,-1.1641207399519928,-0.7351187425515892,-1.3020440961992887,1.3478003530658205,0.9715229391119155,1.02363141122461,1.5561023870889894,0.09582728000608343,1.6126833304276296,0.16354602502427917,0.8158700212326839,0.4564201500468775,0.5904817259562929,1.185803338992093,0.616449320961344,-0.8626664496309023,-0.2794743600109901,-0.20829698298227955,-1.2465006833906092
AT2G19970,1.2347133581146204,0.3927237869300958,0.14592077484301938,1.6520195339002477,-0.04229790554673177,-0.932592036529659,-0.678168313138641,-0.37287729372257455,-0.31984886516140065,-0.9988704950809272,-0.7913757269785782,-0.16654391666849014,-1.797586726691271,-1.9570872420435959,-1.27134040641622,-1.860648525287288,1.4036336858461584,0.9651971365393639,1.8163055061166793,1.325339630632083,0.8115680930869311,0.8836480992629877,0.4678516853835022,0.2960400421250763,0.5747359675387939,0.7949580894178694,0.04264208985163433,0.21513715932630337,-0.06124060759106841,-0.40175298618951377,-0.24414575281223277,-1.1260578390571667
AT5G27330,-1.1102349492268826,-0.6293224320951096,-1.191987440456549,0.03359165178696551,0.6169563959979175,0.5156593761704662,1.0686620504903959,1.6972351194729607,0.009764966227624365,-1.7474017825081187,-0.5531109093106586,-1.140759813208454,0.6649798702758701,2.254108608980114,1.456327071014112,0.33739961990701256,-0.32843669987219265,-0.14415654047358753,-0.1788655313202423,0.0728019917742673,0.8909180876323974,0.467315644911264,0.7430619349317141,-0.09086051644236923,-0.846845252184612,-1.47737037245492,-1.933934211035053,-1.3112158949244979,0.6296044100147129,-0.3150266694773911,0.9713913726125075,0.5697508427903585
AT1G35320,-0.892996714381859,-0.2935188744934566,-0.7658740000551424,-0.4925555735111675,0.8374703414551433,0.7662444781578914,1.1607556645102235,0.41391675678388157,-1.1067340851451823,-1.1800435291792493,-0.7159549328901798,-2.1391157868480923,-1.447873665911437,-0.004379005531883293,-0.3372070351826838,-0.2657061443562936,0.621967091617098,0.45178652879438463,0.5530833817356144,0.6313445900611535,1.3590546086205861,2.404161296267893,1.4118591432977476,1.5265571575648897,-1.1091528104765804,-1.243544844821366,-0.4776524307541753,-0.5670715519986301,0.3167253252274811,0.15550267093451198,-0.37906766428742944,0.8080196147963286
AT5G60850,0.4847835643593516,0.5569978433234315,1.4061687509337502,1.8534403185004824,-1.5319739210111443,-0.868284081425256,-1.012776441494727,-1.7948722846144602,-0.413062177891269,0.3812616779737708,1.4816736104894577,0.3573561373020227,-1.2305638747632834,-1.1596006125002511,-0.369885016595082,0.10970249914494738,-0.05054356743266366,1.2695070358934852,-0.07900246920669939,0.6863648567757447,-0.7317085794905949,-1.3744641101471409,-0.5488833624210531,-1.1887587107946367,0.8190240695548325,1.4740104645174428,0.8082965004439002,1.3936245655261679,-0.3283470938616603,-0.05582762134386438,0.6052367219378721,-0.9488946916828772
AT5G23920,1.2617518142817161,1.351619645735756,1.7646325691013638,1.9397346378074478,-0.6521237451202933,-0.4344082315830198,-1.4522325911156266,-1.1133083716823826,-0.4153676665709951,0.08011983397075548,-0.011629082858005855,0.493644796438366,-2.299075170965485,-1.2659138075197687,0.16536898397261737,-0.7707289081599547,0.9539672328820061,0.8620407208647928,1.0046917279758756,0.9408056537630369,0.0739661491122804,0.4958560835596278,-0.3205781299299164,0.15140694839679608,-0.17713970473085125,0.3552098658223869,0.8437926717585756,0.2063933261280188,-1.2794261142782561,-0.8934345266757346,-0.2939612232638283,-1.5656753871173525
AT5G26070,0.7057006328690368,0.28837444980343097,0.6484487377533705,0.16117643905950083,-0.4053090130219474,-1.0409217208192343,-0.781948761762268,-0.7733685630681975,0.5967362629616733,1.2926142887024537,1.4866600906081933,3.0348855905106924,0.40387322956909266,-0.4871436927685842,-1.0952126468487213,0.17907680540382168,-0.24786200134472375,-0.532782233374355,-0.5351201359887088,0.14460071435361246,-0.6345843172660395,-0.9365103409142636,-0.6543525776411625,-1.3199241261619916,1.3513766770839175,0.8828696597298494,0.32689809185868046,1.7146870145453017,-1.19987958773466,-1.0058492494423068,-0.7997397721998183,-0.7674699444556542
AT1G16310,0.742246606099383,1.243539384546778,2.245509854924567,1.6909100969730064,-0.32119116062007524,-0.6987944250793107,-1.1413887112952676,-1.0771837145130696,0.3917286323410125,1.477337407343328,1.3607389222601654,1.8971360989558943,-1.7893720739254368,-1.5377017787209486,-0.8800122714969102,-0.7937039094352649,0.7186243390783482,0.3824530458813281,0.2946098684177554,0.3751224709645435,-0.8954523528897056,-0.1299341891098237,-0.6485762500641772,-0.7741550023751025,-0.03139002177055919,-0.05446894254088969,-0.24820562659691453,-0.08280166264883213,-0.1736057604920602,-0.3952482155968149,-0.05188059488326618,-1.0948900637316692
AT4G23500,0.2501772193326361,0.6591971442476162,0.712086884195821,0.17143800007865542,-0.7011886071876222,-1.1010756347499449,-1.7004463857547196,-0.7128554684667138,0.1323608659178994,0.25246429805881226,-0.09250929633251204,-0.1363213891088052,-2.2358612055335834,-1.3587923134125754,-1.7556954385708035,-1.9288820920594896,0.6515463271891712,0.15517840104822347,2.1659691221370037,0.9667231514957326,-0.4807492727073602,0.894209486570201,-0.3153116397789796,0.4175617283049159,0.7570731425552728,1.125968183903408,1.275002043123724,1.0177517037049597,0.315941068547127,0.1584767360258049,0.2547876859586316,0.18577555126751
AT3G21890,1.571846616845429,1.5321995373951336,0.7229596548661075,0.9043180054395324,-0.5332963193431967,-0.6996978217065987,-1.631970719514436,-0.8912253020575952,0.9612686728484394,-0.06826227545152054,-0.6787793209711152,-0.1474973111153848,-0.5805076216338764,-1.7622222628583886,-0.3339509664873136,-1.8640876793759928,1.5511175168562974,1.3028734676751912,1.115642355755868,1.0933735310451884,-0.2541356195194131,0.6675909608836444,-0.13600219098147112,-1.2648590464567895,0.7589239269455382,-0.21963051242427464,-0.003761335521001338,1.3149194167028084,-0.3353488532084798,-0.2776536962728321,-1.300209875703889,-0.5139349326556046
AT2G44940,0.2953260520440481,0.5829879536841754,0.9426238456467279,0.47249041031289035,-1.4731629643104156,-2.2243886894048126,-1.2588138538512095,-2.352376877778418,-0.5851363006880743,0.49582187932331245,0.08908211869967297,0.8102399037251135,-2.020463583510451,-0.9844936234983651,-0.22121968742809542,-0.7334565583925292,1.3521059295537283,1.520282226199768,1.0162887190391385,1.3556598889541105,-0.27387959910746024,-0.4274682018057898,-0.0317610378111374,0.45133212328059313,0.85007892554734,0.4799599593325672,0.5657371198682696,0.6519306912523266,0.2065209828395674,-0.038167746605572324,0.26171998577846994,0.22460000911046868
AT2G40900,0.6049763733504809,1.1584527261499882,2.039513197171199,1.2061776406678077,-0.9705502146372541,-1.3235298929921282,-1.263315467327167,-0.7281913689762365,-0.2546393345208327,-0.12356527260232589,0.484508958247453,1.169487138955064,-2.702998313529522,-0.5878033894221603,-0.174579647146216,-1.4301701120347061,0.9681153390842152,1.0223249482659071,0.10673558009348828,1.14048904241127,-0.2359252864491947,-0.9352778664728173,-0.8243701243729926,-0.7678809004036338,0.286891202866859,0.7020244489595244,0.8844715802620834,1.027948801314653,0.02418733161535982,0.13646407858798412,0.07700934782695516,-0.7169805449431217
AT2G32300,1.9414031947010368,1.1130687811146973,1.2430675110550296,1.6592802113349918,-1.1750539167977543,-0.30775899229719017,-1.3503396291518905,-1.0705856025179792,0.5619333305973238,0.06467261167959787,0.9729856281523306,2.152276617959158,-1.5883869076355368,-0.9718843300938879,-0.9963776007332109,0.014213395024039644,0.5290553999973411,0.30693720456910173,-0.3862923870664201,0.6068051313691691,-0.33612220015139926,0.2495918045864103,-0.13698276287217817,-0.1353642708031075,0.6641665901186666,0.3911635991885155,0.15716074522270795,0.3735575921467696,-1.8050799826801611,-0.9830700852847526,-0.5207293893822491,-1.2373112913491564
AT1G78120,1.328522102118662,0.8894278190900253,1.2688526776422269,0.5997700400618837,-0.293104714343211,-0.3283077305357298,-1.262956943484309,-0.6715578207101974,-1.4415048945897189,-0.24877460157952863,-0.1604157653239094,0.7788020247057105,-2.3733484990744533,-0.9337478700366876,-1.0067512705300843,-1.7437785868206102,1.172192442970143,1.0123557800787317,0.6924184682462131,1.5070629513342324,0.021026746154564086,0.7165863326571065,-0.40259345485301684,-0.07176692950814745,0.25782493472230633,1.076559638139598,0.7820425043999348,1.2959785339545684,-0.6136891817863782,0.19060373632386657,-0.8359040082562205,-1.2018244611675784
AT2G01580,0.8127367069153363,-0.14461146052821466,-0.38947257096545174,-0.574387146351811,-0.20676568908148218,-1.3991879423546858,-0.6325330728698499,-1.153152308813563,-0.6207585026326006,0.2085314693841834,-0.49524343119747727,-0.17868338904102424,-1.8812324701899363,-1.6911889042400867,-1.6454749234193888,-0.7242048961518059,1.7522240729343843,1.976462815406225,0.7671665410677555,1.1551805672931252,-0.08062436475703252,-0.3016123210186643,0.20298299644591786,0.7762661414565846,0.8459769783594137,1.578551182680633,1.5401596543044929,0.9411998952687513,-0.11454366657732264,0.5323415660302485,-0.4262322010094879,-0.4298713263471478
AT5G45870,2.121629897018602,0.024652104643618625,1.5056743747420092,0.3105534187117642,-1.1966083135022658,-0.968094876064548,-1.321476644411534,-0.9354546408059635,-0.1414189511822854,0.6810949440238911,0.7528359776356283,0.6687406215981703,-0.36074650065920455,-0.97540654595556,-0.7525085895413494,-0.5904970475682337,1.2413948239278612,0.7757639905733991,1.6220296412349302,0.5365832007174528,-0.8014326645821178,-1.9995741651621324,-0.5068539571501971,-1.2820751594627735,0.9486853050188053,1.0975047096018185,0.3172512096929883,0.1267067690179089,0.7722390092911322,-1.0347688979104661,-1.0095601553726166,0.3731371118812676
AT5G47530,1.3885443569328553,0.5522105968919087,0.0495991195545301,0.8019453844941864,-1.534708731395844,-0.42446060985647766,-1.5534987846064798,-0.684608758064257,0.41924041430143766,2.1079573833351057,0.5125988936667324,1.2041601837938178,-0.9536821088909645,0.03208216873460437,-0.4247480670453629,-1.3585427184820245,0.07670953637673211,-0.060832034434612596,-0.5950360932200035,1.0404221908775855,-1.1954080886689264,-1.926453619861153,-0.426711081146504,-0.11712127087006716,0.6732009394298986,1.8199923057516945,0.9584039421163394,1.152475667341903,-1.260351188984065,-0.10943773308101082,-0.19800327022923206,0.034061075237672184
AT5G42180,1.9052415964782985,1.6113469407143641,0.6018358958612998,1.5328712685600767,-1.410837161794396,-0.278483884030431,-1.6088535128961903,-1.5071890920429933,0.6385370492621899,-0.30942520026444453,0.4328753372761662,1.9299778727871058,-1.8337317952913068,-1.006952970312001,-1.1859593653839755,-1.0225490710252134,0.3811532457470593,0.31867825036882474,-0.027951957368978,0.7758590790580634,0.13774683735598348,0.33298591580522763,-0.42558308149057855,-0.1557774375543043,0.537088802731248,0.8348219581707894,0.65660144306906,0.6360739317578906,-0.9599154862535504,-0.6185693590987597,-0.16996243409266404,-0.74195361610386
AT5G25810,0.3485285560569427,1.2730488341965214,1.114356981759123,1.986800583570564,-0.2862876990344955,0.5416185809882118,-0.4968822559912571,-0.26286829413305624,1.325326597427338,0.05984886709828217,0.5931231117795901,1.7455448093113042,-2.5009820086517416,-1.443603298881493,-0.9886331550721021,-0.3641217287360044,0.9854496922181685,0.8274802244163679,0.6774212184158886,0.8742312539136929,-1.3532698028856296,-0.13193393264046593,-0.584119441116786,-1.2576695147357717,0.6538796111155836,-0.12586229210661132,-0.39705223205002294,0.043058528670374595,-0.9799000247723784,-0.33408268085077075,-0.4143316573933622,-1.1281174318859568
AT1G68560,-0.3727166111837004,-0.7922437066517712,-0.509262458358849,0.03163378354420003,0.5769465976809338,0.6508329558688789,1.5046201000757498,0.677373766695443,-0.7381772416699178,-1.9314481588606158,-1.873541316939428,-1.6114124515558348,-0.395924050508175,2.3770250863106757,0.15992383415376926,-0.1331875155448676,-0.3709553547205132,0.018616846230990906,-1.1134663424046396,-0.3719238346146512,1.1887846845199328,0.7491787247904159,0.8393723098355915,1.1865834001555127,-1.1814327062900487,0.30134777039016775,-0.9837422826074369,-0.5660712429544296,0.35687631448826934,-0.021203263511084376,1.166224693794057,1.1813676698413773
AT3G10690,-1.606926770347354,-0.6934353889955245,-0.27396211427663675,-0.2521703034584857,1.2103213744481562,-0.48523945495578236,0.4969571413921924,1.6416361800234247,0.06455291485684689,-0.7195543519101982,-0.9482745455177276,-1.193902935150974,0.49674604848285897,1.3631788487115104,2.0276193655203243,2.2258631857452906,-0.35454869226338065,-0.4921048706123804,6.636251539481198e-05,-0.33157399422447276,0.2586422801285541,0.3425009069703311,0.044073031532920824,0.6245057468877236,-1.494671263842594,-1.5198372202500356,-1.1915389338559998,-1.2980776848854036,0.3903545706734613,0.07839435826583074,0.8753300689538328,0.7150761394382983
AT4G15920,0.6436736862308561,1.0586873756278083,0.5136421402250705,0.4257667954461415,-0.130355623079224,-0.7040441794558764,-1.1841310597199246,-1.974668288144039,0.11905588981154719,-1.0036476863585677,0.5163144681835334,0.6635276446024412,-2.6754189432932005,-1.4919738760210823,-0.42023176036294174,-1.147429933830202,1.190649647707739,1.2142704067364878,0.8509272495653298,1.0430714320934047,0.34689401517387025,0.391866943350934,0.42516940455321955,0.3170734802963572,1.0502790644227509,0.31444949040647957,1.198978608232772,1.0328672547054567,-1.1888687456446474,0.15020837906165763,-0.7374773616948429,-0.8091259188293113
AT5G64700,1.013402823181488,0.3673339834031559,0.9991908649884325,0.05475496627576424,-1.4764300643887167,-0.757339740506581,-1.2529055477754376,-1.9386000748963155,0.30094904729363137,0.6610349092554393,-0.4190832825299481,1.2630695545875656,-2.065049722719005,-0.10066700655383763,-0.5419967194070678,-0.8554650960854678,1.1781999830272174,0.44804044823325384,0.06853998569577983,0.9097892945697704,-0.5500457981382807,-1.5546694138658872,-0.39911486652178,-1.0080498337128192,0.1705703436096998,1.6195231649830815,1.496617130232379,1.4663641317494955,0.8024852786431538,-0.27842344471556724,0.24097288904567704,0.13700181304174522
AT3G57540,1.61479282987088,1.5381898240919134,0.8783714260297792,0.5396685610655229,-0.07903934375169966,-1.1165978477166878,-1.1694209139083398,-1.2223278886381395,-0.39607058743190454,-1.0628295714118883,0.2579965478927514,0.20045354085915434,-1.3302219279167935,-1.557338214738524,0.02597528241559616,-1.1341882927642783,2.2461062167095327,1.376999989870209,1.1806318848259612,1.4248344171278091,-0.4259392376882485,-0.32298188722187215,0.23650516362507912,-0.9156059945205586,0.41605468389640266,0.2651862037274547,-0.3843682076164473,1.1834111841756323,-0.44645189542553304,-0.5756814010627527,-1.0292366065502523,-0.21687793781975345
AT4G28660,1.245404661392889,2.333903390033177,0.38907764744239853,0.9004487912629379,-1.0909662705392162,-0.5545595517610081,-1.3213501912356347,-1.0885202838228105,0.4944962803304303,-0.31116534380773075,1.3452036554496154,-0.14245893466208084,-1.9082332711226686,-0.4296817540947315,-0.278537278238577,0.03424073619812139,1.5428659545116334,1.5716929192788087,0.8325019201539976,0.9757216381251479,-0.2940020202848247,-1.4806803264393915,0.004568769270546347,-0.2591755660377424,0.4024956721336567,-0.5253803947362286,0.42822862293406516,0.7283750806615928,-0.5024225070615747,-1.2823010188835529,-0.6605235396051604,-1.0992674868461307
AT2G30210,0.6439039381488342,-0.9026225157269536,0.4572968369970264,0.8187705341150747,-1.9149746078308343,-0.7029950927759105,-1.5542354822616748,-1.13004550625236,-0.7161603583363669,0.4454478270941933,-0.09737507214138333,0.8732038199722512,-1.1429998006131048,-0.9106000814398313,-0.6819070763898896,-0.8266172165760689,0.7150397395192358,1.2106800197534424,1.819699963816562,2.2476099529901346,0.05356749405989924,0.6516183096251227,-0.41361083649480007,0.5903011445735566,1.2507117348861008,0.7709705689324154,0.39227674290171494,1.0036821424289109,-1.2199928402884634,-0.23686288272299905,-0.7097455782942087,-0.7840358216696162
AT2G30040,1.58055489035213,2.1224798951246635,0.9909837412532722,0.6467124658110823,-0.309842206892784,-0.7579434970989054,-0.3656208489201703,-0.490865914332108,0.1798783794171104,-0.7162817653609812,0.34476492677180465,0.31214672287335954,-1.0521865598691402,-0.46135459251094124,-0.9646131564421438,-2.866192483492395,0.9226840344872485,0.4904757494520828,1.2417913747424316,1.576720672097605,-0.9779263765688717,-0.7229413293993557,0.3932547410585382,-0.9379572987421879,0.6272234263260672,0.3046121897069845,0.5017971456001381,0.5650937478060459,-0.4831980059869515,-0.13337427531282728,-0.01749424809126371,-1.543381543859532
AT3G07770,0.12837468653135342,-0.11664579262197025,-0.2974770271254481,0.6349579205084304,0.9889474457599493,0.3842467832704827,1.3638608611494194,2.353686803208896,-0.11812406231001897,-2.8265277810934557,-0.688454274789747,-1.240010224407043,-0.41720380863830564,0.6229511415930447,0.8257681896078167,0.3152148325708249,-0.23304788271162938,-0.34681437763670786,-0.5296235513343756,-0.3267085856139928,1.320350532697003,0.7571979744791248,0.8253720616771923,1.1347251840909067,-1.2411857372293091,-0.4044131167387448,-1.3794220082067836,-1.722555089242029,-0.042509193638197086,-0.08209203468832275,-0.04577944308243204,0.4029395739640965
AT5G13330,-0.20972699276093862,-1.1007825682992327,-0.36099907006529736,0.12595348117206462,0.7452604993619765,1.1067838112476365,0.9746616245285261,0.06835655779658341,-1.0251973062141413,-0.6543012519317776,-0.2410268803129222,-0.31345215796498466,2.350155738471169,1.3706858262973083,2.405104205918479,1.364711603455681,-1.381382629707615,-0.9140062071099508,-0.7134312643373439,-1.2578956369664938,-0.5366114608871857,-0.9861962991803895,-0.6112329160504312,-0.02693884899625532,-0.5509819085755198,-1.2754155334668507,-0.06722768189744573,-0.7334537872503728,0.633993492867655,0.8468445662553457,1.053411598848133,-0.08566260424540094
AT3G25730,-0.2489234772265047,0.06735290200043297,-0.312641622651714,0.16151069064428636,1.8146640854804272,1.6204767885297096,1.2202570824182095,1.655648995267751,-2.289963665668275,-1.9551969154461457,-0.7439235321636394,-1.353253416777297,0.5521795312984775,-0.613864055944214,-0.39469243686805655,-0.8010725777077171,-0.22440022690957281,-0.819812006933611,0.08027863151481601,-0.9590205624017226,0.49175007402705756,1.3350480187464189,1.2274121682555073,0.9443708702237313,-0.10751846561147842,-0.7531620021476241,-0.7545400681500255,-0.5137058361234519,0.7948934545123431,0.021132912989427512,0.7798186826145678,0.07889598020786717
AT1G49570,-1.1117455648934216,-1.324940853799155,-0.37523707997486355,-1.121561008568647,1.2963522848749198,0.957075216893457,2.0398355497965635,1.4585008697937145,-0.5358406534408447,-0.527042026785344,-1.2597615262851214,-0.29898972936377066,0.1948553177878562,0.5655259380887224,1.868506047028155,0.17022246697627869,-1.220777235968485,-1.2981916553499837,-0.3314981186935808,-1.1004653528727377,1.0817989039617315,-0.37453204434237297,-0.4308982436712283,-0.08929835647448,-0.8537327008255992,-0.30014393189299926,-0.10765350162206094,-0.5195711687636593,1.913690477994666,0.6193514784241935,1.1945546282612565,-0.17838842629315943
AT2G41150,-1.0190568277055565,-0.5923938771174957,-0.5813831007511701,-1.0237556553787581,0.2485375007268636,1.1285960376666186,0.19348105225672796,1.4863845637642032,0.4319267103256181,-2.2355175091862995,-1.1531693719196379,-1.5598525117672517,0.03972514693519711,0.370172338087202,-0.9337807498759773,0.11211952555620777,-0.036709571710502424,-0.19586477505451422,-0.4170849238937395,-0.10851027266191018,1.5840225002030228,0.894156200536121,1.6849241167103595,1.4002585774955227,0.27024195445157473,-0.5277663589167293,-1.0219427856639633,-1.476786460577335,-0.04200690408625463,0.930962304396137,0.5357785593312311,1.6142945678244933
AT5G66390,2.34028818180067,1.5540316237360576,1.2391055735929064,1.8415198860268711,-1.2835236474192624,-0.5835192444959537,-1.5634413583949267,-1.6367383990360833,0.5137471297771624,-0.2129366762349675,0.7500914624249373,1.7801581327214362,-1.8067700582840291,-0.515679925195924,-0.8614157433534078,-0.45315261182566774,0.2585461160210843,0.08585509884422692,0.07052128522471787,0.860372893184864,0.023120832588730718,-0.21943332274314292,-0.4443312530513258,-0.2651916925561819,0.2533404699517319,0.44655391030654495,0.13296404147108853,0.366233696795223,-1.0647554250884446,-0.47807687487338363,-0.5282554158765664,-0.5992286860389983
AT3G22840,0.9111522707375629,1.458496408861743,1.5579503393031469,1.7104631975796856,-1.1096452382166297,-1.2274018656779848,-1.2345823668611022,-0.909601116077312,1.0371570284529308,-0.2890383214957227,0.9406490094593166,-0.2779225507265431,-0.5693684201050929,-0.7064892171387285,-1.3459855948404509,-0.6876675003378129,1.8751338171239762,1.7768673766484941,1.2504592568439583,1.4208113304107688,-0.44395974228116997,-0.672789551200042,-0.25750909862399757,-0.5179934255419104,-0.04267656497109544,-0.3592524484041813,-0.5452487511151104,-0.7863405063818081,-0.23374385226486974,-0.7378808907225611,-0.46720126033067133,-0.5168417521067858
AT4G04840,1.1443227979842843,2.3396614990752043,0.7067620687757419,1.4490126136667032,-0.9801394405159939,-0.7290570113544685,-1.5036921647979875,-1.4934180143521092,0.3375394029745233,0.08799787167078346,0.779655442681724,1.2362827376937504,-1.8994270563819948,-0.7288612638942044,-0.28254755732640074,0.23702446237274882,1.0302188236675278,0.4345240501984955,-0.0526721827429359,0.8440663061327359,-0.8205776849780441,0.35847715806563085,0.32478947078742937,-0.712482249016485,0.6762835134871354,0.36750119543417403,0.24165954124604594,0.6670155084763797,-1.993499138917776,-1.0776705526582304,-0.5094740711770566,-0.4792760762773587
AT5G13490,0.045086373810115904,-0.3379697201662042,1.2206460210329801,0.72914309267849,1.0141401084948574,0.7868290168563865,1.5090859496391895,1.612347628176184,-2.1167078219369886,-1.0611487903809742,-1.294397039918974,-2.3110353508280808,-0.14889972573764249,0.4766451838830721,0.007545922789949963,0.49687049216449786,0.11003899025092322,0.163071112981475,0.056527903214969547,-0.060344272180279754,1.1843211061468855,0.30702668186508386,1.1393749394369532,1.5233630889927683,-0.864658463127144,-0.8041001813105794,-1.0784623416092904,-1.410795364850887,-0.04083931480089925,-0.7044732805335064,-0.09134360522095394,-0.05688833981239226
AT1G22360,-1.125807078422372,-1.0298498954412079,-0.6996220078775812,-0.14903727990670645,0.15438194578709427,1.198739283085583,1.9869507993116842,1.5819036486442852,0.9193619054333669,0.022674813192294033,-0.0029616602028331492,-0.18986357078440572,0.3418689146386681,1.6774102154616966,1.4292903752159547,0.4542980144320888,-0.9065948509152216,-1.6121941106829314,-1.7093397921723597,-1.517143347254293,-1.085969752882706,-0.2941187541922494,0.0769389773829015,0.31205391819652956,-0.4269148928889663,-0.19382913050199985,-0.9827824213299667,-1.0944849258939089,0.6373568487371758,0.09708682141664962,1.2948375451829481,0.8353594452308231
AT1G01060,1.0123718436376228,1.0571573970572086,0.8472607539646104,1.7463358711598491,-0.2391874181624473,-0.17913308862849603,-0.1239154133712816,-0.008105201009032857,-0.5665724384344372,-0.9483433919467047,-1.0271726218714199,-0.023883670118366725,-1.8498542360569394,-1.1280784033325668,-0.6896530922842685,-0.6428257467140419,1.5393880537379028,1.8629993386891923,1.376761951752725,1.6158391853264733,0.4115373694911608,0.7676111513978965,0.41704306226125687,0.24625656683835537,0.3007026529255873,-0.8241856402065431,-0.2866297333098775,-0.08265014821767418,-0.9985802486534632,-0.7246503495256164,-1.829685063541413,-1.0281592928552312
