refinebio_title,condition,age,genotype
"Ground Control, 4 days old, Col-0 Rep1",ground,4d,Col-0
"Ground Control, 4 days old, Col-0 Rep2",ground,4d,Col-0
"Ground Control, 4 days old, Col-0 Rep3",ground,4d,Col-0
"Ground Control, 4 days old, Col-0 Rep4",ground,4d,Col-0
"Ground Control, 4 days old, WS Rep1",ground,4d,WS
"Ground Control, 4 days old, WS Rep2",ground,4d,WS
"Ground Control, 4 days old, WS Rep3",ground,4d,WS
"Ground Control, 4 days old, WS Rep4",ground,4d,WS
"Ground Control, 8 days old, Col-0 Rep1",ground,8d,Col-0
"Ground Control, 8 days old, Col-0 Rep2",ground,8d,Col-0
"Ground Control, 8 days old, Col-0 Rep3",ground,8d,Col-0
"Ground Control, 8 days old, Col-0 Rep4",ground,8d,Col-0
"Ground Control, 8 days old, WS Rep1",ground,8d,WS
"Ground Control, 8 days old, WS Rep2",ground,8d,WS
"Ground Control, 8 days old, WS Rep3",ground,8d,WS
"Ground Control, 8 days old, WS Rep4",ground,8d,WS
"Spaceflight, 4 days old, Col-0 Rep1",flight,4d,Col-0
"Spaceflight, 4 days old, Col-0 Rep2",flight,4d,Col-0
"Spaceflight, 4 days old, Col-0 Rep3",flight,4d,Col-0
"Spaceflight, 4 days old, Col-0 Rep4",flight,4d,Col-0
"Spaceflight, 4 days old, WS Rep1",flight,4d,WS
"Spaceflight, 4 days old, WS Rep2",flight,4d,WS
"Spaceflight, 4 days old, WS Rep3",flight,4d,WS
"Spaceflight, 4 days old, WS Rep4",flight,4d,WS
"Spaceflight, 8 days old, Col-0 Rep1",flight,8d,Col-0
"Spaceflight, 8 days old, Col-0 Rep2",flight,8d,Col-0
"Spaceflight, 8 days old, Col-0 Rep3",flight,8d,Col-0
"Spaceflight, 8 days old, Col-0 Rep4",flight,8d,Col-0
"Spaceflight, 8 days old, WS Rep1",flight,8d,WS
"Spaceflight, 8 days old, WS Rep2",flight,8d,WS
"Spaceflight, 8 days old, WS Rep3",flight,8d,WS
"Spaceflight, 8 days old, WS Rep4",flight,8d,WS
